SCN,BU,SBU,GRPPC3,PC,GOP,PTF,value
HYPO34,MARK,FIC,IndustrialGoods,StableEarnings,Europe,GreenEnergy,42
HYPO34,MARK,CTY,EnergyUtilities,StableEarnings,DigitalTransformation,AIandRobotics,93
HYPO34,MARK,FIC,MediaEntertainment,LegacyProducts,Europe,EquityDerivatives,43
HYPO34,MARK,CTY,Telecommunications,HighGrowth,DigitalTransformation,PrivateEquity,35
HYPO34,MARK,CTY,HealthcareSolutions,MarketLeader,MiddleEast,GreenEnergy,30
HYPO34,MARK,CTY,FinancialServices,HighGrowth,DigitalTransformation,CommoditiesTrading,57
HYPO34,MARK,CTY,HealthcareSolutions,CashCow,R&DInvestments,EquityDerivatives,48
HYPO34,MARK,CTY,Infrastructure,HighRisk,GlobalExports,EquityDerivatives,4
HYPO34,MARK,FIC,Telecommunications,InnovationDriven,AsiaPacific,RealEstateInvestments,59
HYPO34,MARK,FIC,Telecommunications,EmergingMarkets,GlobalExports,PrivateEquity,67
HYPO34,MARK,MGT,IndustrialGoods,NicheProducts,R&DInvestments,ConsumerRetail,22
HYPO34,MARK,MGT,HealthcareSolutions,LegacyProducts,MiddleEast,FixedIncomeSecurities,30
HYPO34,MARK,FIC,EnergyUtilities,LowRisk,AsiaPacific,FixedIncomeSecurities,20
HYPO34,MARK,EQD,EnergyUtilities,NicheProducts,Europe,GreenEnergy,5
HYPO34,MARK,CTY,MediaEntertainment,StableEarnings,AsiaPacific,Biotechnology,43
HYPO34,MARK,EQD,ConsumerTech,NicheProducts,DigitalTransformation,PrivateEquity,34
HYPO34,MARK,FIC,IndustrialGoods,InnovationDriven,Africa,FixedIncomeSecurities,72
HYPO34,MARK,MGT,Pharmaceuticals,HighRisk,MiddleEast,AIandRobotics,25
HYPO34,MARK,MGT,EnergyUtilities,NicheProducts,R&DInvestments,FixedIncomeSecurities,7
HYPO34,MARK,MGT,EnergyUtilities,NicheProducts,NorthAmerica,VentureCapital,99
HYPO34,MARK,EQD,Pharmaceuticals,EmergingMarkets,LatinAmerica,ConsumerRetail,20
HYPO34,MARK,CTY,Telecommunications,HighRisk,MiddleEast,FixedIncomeSecurities,77
HYPO34,MARK,CTY,Telecommunications,StableEarnings,LatinAmerica,EquityDerivatives,74
HYPO34,MARK,CTY,Automotive,HighRisk,Africa,RealEstateInvestments,51
HYPO34,MARK,CTY,Pharmaceuticals,EmergingMarkets,NorthAmerica,RealEstateInvestments,34
HYPO34,MARK,FIC,Pharmaceuticals,MarketLeader,MiddleEast,AIandRobotics,65
HYPO34,MARK,FIC,FinancialServices,LowRisk,Africa,PrivateEquity,52
HYPO34,MARK,FIC,EnergyUtilities,EmergingMarkets,AsiaPacific,RealEstateInvestments,86
HYPO34,MARK,MGT,Automotive,NicheProducts,NorthAmerica,VentureCapital,61
HYPO34,MARK,EQD,Pharmaceuticals,InnovationDriven,AsiaPacific,CommoditiesTrading,25
HYPO34,MARK,MGT,EnergyUtilities,EmergingMarkets,AsiaPacific,PrivateEquity,2
HYPO34,MARK,MGT,ConsumerTech,LegacyProducts,GlobalExports,VentureCapital,28
HYPO34,MARK,FIC,Pharmaceuticals,LegacyProducts,Europe,GreenEnergy,69
HYPO34,MARK,FIC,ConsumerTech,EmergingMarkets,MiddleEast,Biotechnology,37
HYPO34,MARK,MGT,IndustrialGoods,HighGrowth,SustainabilityInitiatives,PrivateEquity,56
HYPO34,MARK,CTY,Infrastructure,MarketLeader,AsiaPacific,PrivateEquity,1
HYPO34,MARK,FIC,EnergyUtilities,HighGrowth,NorthAmerica,FixedIncomeSecurities,76
HYPO34,MARK,FIC,HealthcareSolutions,HighGrowth,Africa,CommoditiesTrading,49
HYPO34,MARK,MGT,EnergyUtilities,NicheProducts,GlobalExports,AIandRobotics,30
HYPO34,MARK,FIC,Pharmaceuticals,CashCow,LatinAmerica,PrivateEquity,10
HYPO34,MARK,EQD,Automotive,HighRisk,AsiaPacific,RealEstateInvestments,15
HYPO34,MARK,FIC,HealthcareSolutions,StableEarnings,GlobalExports,RealEstateInvestments,78
HYPO34,MARK,CTY,Pharmaceuticals,StableEarnings,GlobalExports,EquityDerivatives,63
HYPO34,MARK,EQD,Pharmaceuticals,HighRisk,Africa,AIandRobotics,55
HYPO34,MARK,EQD,ConsumerTech,LowRisk,LatinAmerica,VentureCapital,91
HYPO34,MARK,MGT,FinancialServices,NicheProducts,SustainabilityInitiatives,CommoditiesTrading,85
HYPO34,MARK,FIC,HealthcareSolutions,MarketLeader,LatinAmerica,FixedIncomeSecurities,73
HYPO34,MARK,MGT,MediaEntertainment,HighGrowth,DigitalTransformation,ConsumerRetail,51
HYPO34,MARK,EQD,MediaEntertainment,MarketLeader,Africa,GreenEnergy,21
HYPO34,MARK,MGT,Telecommunications,NicheProducts,AsiaPacific,PrivateEquity,19
HYPO34,MARK,MGT,IndustrialGoods,HighGrowth,GlobalExports,FixedIncomeSecurities,9
HYPO34,MARK,EQD,HealthcareSolutions,LegacyProducts,DigitalTransformation,FixedIncomeSecurities,92
HYPO34,MARK,CTY,FinancialServices,MarketLeader,SustainabilityInitiatives,ConsumerRetail,28
HYPO34,MARK,FIC,ConsumerTech,StableEarnings,Europe,Biotechnology,33
HYPO34,MARK,CTY,FinancialServices,NicheProducts,AsiaPacific,VentureCapital,19
HYPO34,MARK,CTY,EnergyUtilities,HighGrowth,AsiaPacific,RealEstateInvestments,8
HYPO34,MARK,CTY,EnergyUtilities,EmergingMarkets,MiddleEast,VentureCapital,83
HYPO34,MARK,EQD,Telecommunications,LegacyProducts,LatinAmerica,PrivateEquity,12
HYPO34,MARK,MGT,HealthcareSolutions,LowRisk,AsiaPacific,FixedIncomeSecurities,68
HYPO34,MARK,CTY,ConsumerTech,HighGrowth,Africa,PrivateEquity,79
HYPO34,MARK,MGT,IndustrialGoods,MarketLeader,NorthAmerica,GreenEnergy,61
HYPO34,MARK,MGT,Automotive,StableEarnings,R&DInvestments,AIandRobotics,35
HYPO34,MARK,CTY,Automotive,EmergingMarkets,NorthAmerica,RealEstateInvestments,33
HYPO34,MARK,MGT,Telecommunications,MarketLeader,DigitalTransformation,PrivateEquity,18
HYPO34,MARK,EQD,IndustrialGoods,NicheProducts,SustainabilityInitiatives,CommoditiesTrading,4
HYPO34,MARK,CTY,MediaEntertainment,LowRisk,Africa,PrivateEquity,75
HYPO34,MARK,EQD,ConsumerTech,InnovationDriven,DigitalTransformation,EquityDerivatives,60
HYPO34,MARK,FIC,IndustrialGoods,MarketLeader,AsiaPacific,PrivateEquity,20
HYPO34,MARK,CTY,ConsumerTech,LowRisk,R&DInvestments,CommoditiesTrading,16
HYPO34,MARK,EQD,HealthcareSolutions,NicheProducts,LatinAmerica,GreenEnergy,8
HYPO34,MARK,CTY,EnergyUtilities,NicheProducts,MiddleEast,ConsumerRetail,24
HYPO34,MARK,FIC,EnergyUtilities,HighGrowth,Africa,ConsumerRetail,23
HYPO34,MARK,EQD,HealthcareSolutions,LowRisk,Africa,RealEstateInvestments,23
HYPO34,MARK,CTY,ConsumerTech,MarketLeader,Europe,AIandRobotics,64
HYPO34,MARK,EQD,Infrastructure,MarketLeader,NorthAmerica,AIandRobotics,82
HYPO34,MARK,EQD,IndustrialGoods,EmergingMarkets,SustainabilityInitiatives,VentureCapital,25
HYPO34,MARK,CTY,ConsumerTech,NicheProducts,SustainabilityInitiatives,FixedIncomeSecurities,46
HYPO34,MARK,CTY,IndustrialGoods,StableEarnings,MiddleEast,ConsumerRetail,70
HYPO34,MARK,EQD,Pharmaceuticals,InnovationDriven,SustainabilityInitiatives,VentureCapital,6
HYPO34,MARK,EQD,Telecommunications,LowRisk,AsiaPacific,VentureCapital,70
HYPO34,MARK,EQD,MediaEntertainment,MarketLeader,MiddleEast,CommoditiesTrading,46
HYPO34,MARK,MGT,EnergyUtilities,HighGrowth,R&DInvestments,RealEstateInvestments,83
HYPO34,MARK,EQD,Automotive,CashCow,LatinAmerica,ConsumerRetail,66
HYPO34,MARK,FIC,Infrastructure,MarketLeader,R&DInvestments,CommoditiesTrading,3
HYPO34,MARK,CTY,MediaEntertainment,HighRisk,Europe,GreenEnergy,42
HYPO34,MARK,EQD,Pharmaceuticals,MarketLeader,Europe,GreenEnergy,35
HYPO34,MARK,FIC,FinancialServices,MarketLeader,NorthAmerica,PrivateEquity,81
HYPO34,MARK,EQD,Infrastructure,LowRisk,GlobalExports,CommoditiesTrading,84
HYPO34,MARK,EQD,Pharmaceuticals,EmergingMarkets,AsiaPacific,GreenEnergy,99
HYPO34,MARK,FIC,FinancialServices,LowRisk,NorthAmerica,PrivateEquity,87
HYPO34,MARK,CTY,IndustrialGoods,InnovationDriven,SustainabilityInitiatives,FixedIncomeSecurities,2
HYPO34,MARK,MGT,EnergyUtilities,EmergingMarkets,GlobalExports,Biotechnology,94
HYPO34,MARK,CTY,MediaEntertainment,HighRisk,GlobalExports,AIandRobotics,32
HYPO34,MARK,CTY,FinancialServices,LowRisk,GlobalExports,ConsumerRetail,52
HYPO34,MARK,FIC,Pharmaceuticals,InnovationDriven,DigitalTransformation,AIandRobotics,75
HYPO34,MARK,EQD,FinancialServices,HighGrowth,DigitalTransformation,RealEstateInvestments,28
HYPO34,MARK,MGT,ConsumerTech,HighRisk,MiddleEast,EquityDerivatives,83
HYPO34,MARK,MGT,HealthcareSolutions,EmergingMarkets,Africa,EquityDerivatives,13
HYPO34,MARK,EQD,Telecommunications,CashCow,LatinAmerica,AIandRobotics,3
HYPO34,MARK,CTY,HealthcareSolutions,HighGrowth,LatinAmerica,Biotechnology,64
HYPO34,MARK,EQD,Infrastructure,MarketLeader,LatinAmerica,EquityDerivatives,84
HYPO34,MARK,EQD,ConsumerTech,MarketLeader,SustainabilityInitiatives,PrivateEquity,75
HYPO34,MARK,MGT,Infrastructure,EmergingMarkets,DigitalTransformation,EquityDerivatives,5
HYPO34,MARK,MGT,IndustrialGoods,CashCow,LatinAmerica,Biotechnology,99
HYPO34,MARK,CTY,Telecommunications,CashCow,DigitalTransformation,CommoditiesTrading,86
HYPO34,MARK,MGT,ConsumerTech,StableEarnings,NorthAmerica,EquityDerivatives,84
HYPO34,MARK,EQD,Automotive,InnovationDriven,GlobalExports,ConsumerRetail,22
HYPO34,MARK,FIC,HealthcareSolutions,MarketLeader,DigitalTransformation,VentureCapital,53
HYPO34,MARK,EQD,IndustrialGoods,InnovationDriven,NorthAmerica,AIandRobotics,41
HYPO34,MARK,MGT,Automotive,HighRisk,MiddleEast,Biotechnology,53
HYPO34,MARK,EQD,ConsumerTech,NicheProducts,SustainabilityInitiatives,PrivateEquity,10
HYPO34,MARK,EQD,Automotive,MarketLeader,Africa,AIandRobotics,94
HYPO34,MARK,EQD,HealthcareSolutions,HighRisk,DigitalTransformation,CommoditiesTrading,62
HYPO34,MARK,EQD,FinancialServices,NicheProducts,R&DInvestments,Biotechnology,34
HYPO34,MARK,MGT,ConsumerTech,LegacyProducts,Europe,CommoditiesTrading,56
HYPO34,MARK,EQD,FinancialServices,CashCow,LatinAmerica,ConsumerRetail,59
HYPO34,MARK,MGT,FinancialServices,StableEarnings,MiddleEast,VentureCapital,26
HYPO34,MARK,EQD,Pharmaceuticals,StableEarnings,AsiaPacific,AIandRobotics,30
HYPO34,MARK,EQD,EnergyUtilities,HighRisk,Africa,AIandRobotics,63
HYPO34,MARK,FIC,FinancialServices,MarketLeader,R&DInvestments,EquityDerivatives,56
HYPO34,MARK,FIC,IndustrialGoods,LowRisk,R&DInvestments,RealEstateInvestments,11
HYPO34,MARK,MGT,FinancialServices,LegacyProducts,DigitalTransformation,RealEstateInvestments,45
HYPO34,MARK,MGT,MediaEntertainment,StableEarnings,DigitalTransformation,Biotechnology,83
HYPO34,MARK,EQD,Telecommunications,HighGrowth,MiddleEast,ConsumerRetail,42
HYPO34,MARK,MGT,EnergyUtilities,LegacyProducts,GlobalExports,EquityDerivatives,38
HYPO34,MARK,FIC,IndustrialGoods,InnovationDriven,GlobalExports,EquityDerivatives,13
HYPO34,MARK,CTY,EnergyUtilities,InnovationDriven,R&DInvestments,PrivateEquity,41
HYPO34,MARK,MGT,FinancialServices,MarketLeader,SustainabilityInitiatives,VentureCapital,90
HYPO34,MARK,EQD,IndustrialGoods,NicheProducts,NorthAmerica,Biotechnology,42
HYPO34,MARK,FIC,IndustrialGoods,HighRisk,GlobalExports,RealEstateInvestments,88
HYPO34,MARK,MGT,MediaEntertainment,CashCow,R&DInvestments,CommoditiesTrading,53
HYPO34,MARK,FIC,Automotive,InnovationDriven,R&DInvestments,EquityDerivatives,47
HYPO34,MARK,CTY,Automotive,MarketLeader,SustainabilityInitiatives,FixedIncomeSecurities,49
HYPO34,MARK,CTY,Pharmaceuticals,HighGrowth,GlobalExports,VentureCapital,32
HYPO34,MARK,EQD,Infrastructure,LowRisk,NorthAmerica,AIandRobotics,23
HYPO34,MARK,FIC,FinancialServices,HighRisk,GlobalExports,EquityDerivatives,72
HYPO34,MARK,CTY,EnergyUtilities,CashCow,NorthAmerica,VentureCapital,64
HYPO34,MARK,FIC,HealthcareSolutions,LegacyProducts,R&DInvestments,VentureCapital,86
HYPO34,MARK,CTY,Automotive,HighRisk,Europe,GreenEnergy,43
HYPO34,MARK,FIC,HealthcareSolutions,HighGrowth,DigitalTransformation,Biotechnology,62
HYPO34,MARK,FIC,MediaEntertainment,CashCow,MiddleEast,VentureCapital,6
HYPO34,MARK,EQD,ConsumerTech,MarketLeader,NorthAmerica,ConsumerRetail,35
HYPO34,MARK,FIC,Infrastructure,HighGrowth,AsiaPacific,EquityDerivatives,2
HYPO34,MARK,CTY,ConsumerTech,StableEarnings,Europe,Biotechnology,38
HYPO34,MARK,CTY,ConsumerTech,NicheProducts,MiddleEast,GreenEnergy,57
HYPO34,MARK,FIC,Telecommunications,StableEarnings,DigitalTransformation,FixedIncomeSecurities,58
HYPO34,MARK,MGT,ConsumerTech,InnovationDriven,MiddleEast,CommoditiesTrading,40
HYPO34,MARK,CTY,FinancialServices,HighRisk,LatinAmerica,FixedIncomeSecurities,33
HYPO34,MARK,EQD,Telecommunications,EmergingMarkets,Africa,AIandRobotics,56
HYPO34,MARK,FIC,Pharmaceuticals,InnovationDriven,Europe,RealEstateInvestments,6
HYPO34,MARK,CTY,FinancialServices,InnovationDriven,Africa,PrivateEquity,62
HYPO34,MARK,CTY,Telecommunications,StableEarnings,SustainabilityInitiatives,AIandRobotics,46
HYPO34,MARK,MGT,FinancialServices,HighGrowth,NorthAmerica,FixedIncomeSecurities,67
HYPO34,MARK,MGT,EnergyUtilities,LowRisk,MiddleEast,VentureCapital,96
HYPO34,MARK,MGT,FinancialServices,HighRisk,Europe,FixedIncomeSecurities,55
HYPO34,MARK,EQD,EnergyUtilities,HighGrowth,SustainabilityInitiatives,VentureCapital,60
HYPO34,MARK,MGT,Infrastructure,HighGrowth,SustainabilityInitiatives,FixedIncomeSecurities,5
HYPO34,MARK,EQD,MediaEntertainment,CashCow,Europe,VentureCapital,37
HYPO34,MARK,EQD,Infrastructure,CashCow,LatinAmerica,RealEstateInvestments,82
HYPO34,MARK,EQD,Automotive,InnovationDriven,Africa,CommoditiesTrading,85
HYPO34,MARK,CTY,MediaEntertainment,LegacyProducts,GlobalExports,EquityDerivatives,59
HYPO34,MARK,FIC,FinancialServices,StableEarnings,DigitalTransformation,CommoditiesTrading,75
HYPO34,MARK,MGT,ConsumerTech,StableEarnings,AsiaPacific,CommoditiesTrading,49
HYPO34,MARK,CTY,Pharmaceuticals,CashCow,SustainabilityInitiatives,FixedIncomeSecurities,80
HYPO34,MARK,EQD,Pharmaceuticals,CashCow,R&DInvestments,RealEstateInvestments,86
HYPO34,MARK,CTY,FinancialServices,HighRisk,LatinAmerica,PrivateEquity,32
HYPO34,MARK,CTY,Pharmaceuticals,MarketLeader,SustainabilityInitiatives,GreenEnergy,82
HYPO34,MARK,EQD,Infrastructure,LowRisk,Europe,AIandRobotics,74
HYPO34,MARK,FIC,Infrastructure,InnovationDriven,SustainabilityInitiatives,AIandRobotics,7
HYPO34,MARK,MGT,ConsumerTech,CashCow,DigitalTransformation,ConsumerRetail,14
HYPO34,MARK,FIC,HealthcareSolutions,NicheProducts,SustainabilityInitiatives,AIandRobotics,66
HYPO34,MARK,FIC,HealthcareSolutions,HighGrowth,MiddleEast,Biotechnology,63
HYPO34,MARK,FIC,Pharmaceuticals,NicheProducts,Africa,ConsumerRetail,97
HYPO34,MARK,MGT,Infrastructure,StableEarnings,AsiaPacific,EquityDerivatives,61
HYPO34,MARK,CTY,Pharmaceuticals,InnovationDriven,R&DInvestments,VentureCapital,49
HYPO34,MARK,EQD,Pharmaceuticals,NicheProducts,MiddleEast,Biotechnology,29
HYPO34,MARK,EQD,MediaEntertainment,HighRisk,GlobalExports,PrivateEquity,57
HYPO34,MARK,EQD,FinancialServices,StableEarnings,LatinAmerica,VentureCapital,79
HYPO34,MARK,MGT,Automotive,LegacyProducts,DigitalTransformation,CommoditiesTrading,9
HYPO34,MARK,MGT,Infrastructure,HighGrowth,Africa,AIandRobotics,26
HYPO34,MARK,MGT,ConsumerTech,EmergingMarkets,MiddleEast,PrivateEquity,30
HYPO34,MARK,MGT,IndustrialGoods,CashCow,R&DInvestments,ConsumerRetail,18
HYPO34,MARK,EQD,Automotive,NicheProducts,Africa,CommoditiesTrading,43
HYPO34,MARK,MGT,IndustrialGoods,LegacyProducts,AsiaPacific,EquityDerivatives,33
HYPO34,MARK,CTY,HealthcareSolutions,HighRisk,R&DInvestments,FixedIncomeSecurities,72
HYPO34,MARK,EQD,EnergyUtilities,LowRisk,DigitalTransformation,FixedIncomeSecurities,54
HYPO34,MARK,EQD,Automotive,HighGrowth,SustainabilityInitiatives,FixedIncomeSecurities,92
HYPO34,MARK,CTY,ConsumerTech,NicheProducts,NorthAmerica,VentureCapital,44
HYPO34,MARK,EQD,Telecommunications,NicheProducts,Africa,CommoditiesTrading,99
HYPO34,MARK,MGT,Telecommunications,NicheProducts,NorthAmerica,EquityDerivatives,58
HYPO34,MARK,MGT,Telecommunications,HighRisk,SustainabilityInitiatives,Biotechnology,79
HYPO34,MARK,MGT,IndustrialGoods,StableEarnings,GlobalExports,RealEstateInvestments,80
HYPO34,MARK,EQD,MediaEntertainment,LegacyProducts,NorthAmerica,GreenEnergy,58
HYPO34,MARK,EQD,ConsumerTech,MarketLeader,LatinAmerica,PrivateEquity,24
HYPO34,MARK,EQD,EnergyUtilities,HighRisk,AsiaPacific,GreenEnergy,15
HYPO34,MARK,MGT,FinancialServices,CashCow,DigitalTransformation,GreenEnergy,66
HYPO34,MARK,CTY,HealthcareSolutions,NicheProducts,SustainabilityInitiatives,Biotechnology,55
HYPO34,MARK,FIC,Telecommunications,StableEarnings,AsiaPacific,VentureCapital,95
HYPO34,MARK,CTY,Automotive,NicheProducts,MiddleEast,FixedIncomeSecurities,69
HYPO34,MARK,CTY,Infrastructure,StableEarnings,SustainabilityInitiatives,Biotechnology,2
HYPO34,MARK,FIC,Pharmaceuticals,MarketLeader,AsiaPacific,ConsumerRetail,50
HYPO34,MARK,FIC,IndustrialGoods,CashCow,GlobalExports,GreenEnergy,56
HYPO34,MARK,MGT,MediaEntertainment,EmergingMarkets,Africa,RealEstateInvestments,29
HYPO34,MARK,CTY,FinancialServices,EmergingMarkets,MiddleEast,PrivateEquity,81
HYPO34,MARK,EQD,EnergyUtilities,EmergingMarkets,DigitalTransformation,RealEstateInvestments,70
HYPO34,MARK,CTY,FinancialServices,HighGrowth,Africa,RealEstateInvestments,99
HYPO34,MARK,FIC,Infrastructure,NicheProducts,LatinAmerica,RealEstateInvestments,57
HYPO34,MARK,MGT,ConsumerTech,CashCow,LatinAmerica,FixedIncomeSecurities,77
HYPO34,MARK,FIC,Pharmaceuticals,LowRisk,DigitalTransformation,PrivateEquity,87
HYPO34,MARK,MGT,MediaEntertainment,HighRisk,SustainabilityInitiatives,Biotechnology,1
HYPO34,MARK,MGT,Infrastructure,MarketLeader,GlobalExports,FixedIncomeSecurities,40
HYPO34,MARK,MGT,Telecommunications,LowRisk,MiddleEast,ConsumerRetail,99
HYPO34,MARK,CTY,ConsumerTech,LowRisk,Europe,CommoditiesTrading,79
HYPO34,MARK,MGT,IndustrialGoods,LegacyProducts,NorthAmerica,ConsumerRetail,71
HYPO34,MARK,CTY,FinancialServices,MarketLeader,R&DInvestments,EquityDerivatives,81
HYPO34,MARK,EQD,Telecommunications,StableEarnings,Africa,RealEstateInvestments,19
HYPO34,MARK,EQD,Automotive,HighGrowth,LatinAmerica,ConsumerRetail,22
HYPO34,MARK,MGT,HealthcareSolutions,InnovationDriven,Europe,FixedIncomeSecurities,47
HYPO34,MARK,MGT,EnergyUtilities,MarketLeader,DigitalTransformation,Biotechnology,71
HYPO34,MARK,FIC,Infrastructure,HighRisk,DigitalTransformation,VentureCapital,41
HYPO34,MARK,MGT,Infrastructure,MarketLeader,SustainabilityInitiatives,ConsumerRetail,25
HYPO34,MARK,MGT,MediaEntertainment,MarketLeader,MiddleEast,AIandRobotics,65
HYPO34,MARK,MGT,HealthcareSolutions,CashCow,SustainabilityInitiatives,EquityDerivatives,4
HYPO34,MARK,EQD,EnergyUtilities,HighGrowth,LatinAmerica,ConsumerRetail,47
HYPO34,MARK,CTY,Automotive,LowRisk,AsiaPacific,AIandRobotics,59
HYPO34,MARK,MGT,HealthcareSolutions,InnovationDriven,GlobalExports,RealEstateInvestments,77
HYPO34,MARK,CTY,ConsumerTech,NicheProducts,DigitalTransformation,VentureCapital,37
HYPO34,MARK,FIC,Telecommunications,EmergingMarkets,DigitalTransformation,ConsumerRetail,10
HYPO34,MARK,EQD,Automotive,CashCow,MiddleEast,Biotechnology,68
HYPO34,MARK,FIC,Telecommunications,CashCow,R&DInvestments,Biotechnology,95
HYPO34,MARK,CTY,Telecommunications,NicheProducts,MiddleEast,Biotechnology,31
HYPO34,MARK,FIC,FinancialServices,MarketLeader,Europe,Biotechnology,2
HYPO34,MARK,MGT,MediaEntertainment,HighRisk,NorthAmerica,PrivateEquity,37
HYPO34,MARK,EQD,FinancialServices,HighRisk,DigitalTransformation,Biotechnology,57
HYPO34,MARK,CTY,HealthcareSolutions,MarketLeader,DigitalTransformation,Biotechnology,80
HYPO34,MARK,MGT,Pharmaceuticals,EmergingMarkets,GlobalExports,Biotechnology,73
HYPO34,MARK,EQD,ConsumerTech,CashCow,NorthAmerica,Biotechnology,51
HYPO34,MARK,MGT,ConsumerTech,CashCow,AsiaPacific,RealEstateInvestments,97
HYPO34,MARK,EQD,HealthcareSolutions,EmergingMarkets,AsiaPacific,ConsumerRetail,79
HYPO34,MARK,MGT,Telecommunications,CashCow,NorthAmerica,RealEstateInvestments,11
HYPO34,MARK,FIC,Automotive,LowRisk,MiddleEast,RealEstateInvestments,91
HYPO34,MARK,EQD,Infrastructure,LowRisk,NorthAmerica,VentureCapital,52
HYPO34,MARK,FIC,ConsumerTech,MarketLeader,MiddleEast,CommoditiesTrading,72
HYPO34,MARK,EQD,Pharmaceuticals,HighGrowth,Europe,ConsumerRetail,18
HYPO34,MARK,FIC,ConsumerTech,NicheProducts,Europe,RealEstateInvestments,93
HYPO34,MARK,FIC,EnergyUtilities,HighGrowth,DigitalTransformation,FixedIncomeSecurities,76
HYPO34,MARK,CTY,IndustrialGoods,LegacyProducts,LatinAmerica,Biotechnology,47
HYPO34,MARK,FIC,FinancialServices,LowRisk,R&DInvestments,Biotechnology,44
HYPO34,MARK,CTY,Automotive,StableEarnings,LatinAmerica,FixedIncomeSecurities,66
HYPO34,MARK,FIC,Infrastructure,NicheProducts,Europe,GreenEnergy,66
HYPO34,MARK,FIC,Telecommunications,CashCow,NorthAmerica,FixedIncomeSecurities,49
HYPO34,MARK,MGT,ConsumerTech,MarketLeader,Europe,EquityDerivatives,23
HYPO34,MARK,CTY,Automotive,MarketLeader,R&DInvestments,CommoditiesTrading,73
HYPO34,MARK,MGT,Telecommunications,StableEarnings,Africa,Biotechnology,94
HYPO34,MARK,FIC,EnergyUtilities,HighGrowth,NorthAmerica,VentureCapital,44
HYPO34,MARK,EQD,IndustrialGoods,MarketLeader,LatinAmerica,PrivateEquity,67
HYPO34,MARK,EQD,MediaEntertainment,LowRisk,DigitalTransformation,FixedIncomeSecurities,88
HYPO34,MARK,FIC,FinancialServices,HighRisk,R&DInvestments,PrivateEquity,2
HYPO34,MARK,CTY,Telecommunications,HighRisk,MiddleEast,EquityDerivatives,23
HYPO34,MARK,FIC,ConsumerTech,InnovationDriven,Europe,RealEstateInvestments,60
HYPO34,MARK,FIC,Telecommunications,EmergingMarkets,R&DInvestments,PrivateEquity,39
HYPO34,MARK,CTY,EnergyUtilities,MarketLeader,AsiaPacific,RealEstateInvestments,69
HYPO34,MARK,FIC,Automotive,LegacyProducts,SustainabilityInitiatives,PrivateEquity,7
HYPO34,MARK,CTY,IndustrialGoods,EmergingMarkets,GlobalExports,PrivateEquity,41
HYPO34,MARK,MGT,ConsumerTech,HighGrowth,AsiaPacific,GreenEnergy,5
HYPO34,MARK,MGT,HealthcareSolutions,MarketLeader,AsiaPacific,PrivateEquity,75
HYPO34,MARK,EQD,Telecommunications,LegacyProducts,LatinAmerica,CommoditiesTrading,51
HYPO34,MARK,FIC,EnergyUtilities,LowRisk,LatinAmerica,CommoditiesTrading,57
HYPO34,MARK,MGT,HealthcareSolutions,LegacyProducts,LatinAmerica,EquityDerivatives,31
HYPO34,MARK,EQD,HealthcareSolutions,StableEarnings,AsiaPacific,AIandRobotics,69
HYPO34,MARK,CTY,IndustrialGoods,LegacyProducts,NorthAmerica,GreenEnergy,50
HYPO34,MARK,CTY,Automotive,EmergingMarkets,GlobalExports,EquityDerivatives,51
HYPO34,MARK,FIC,IndustrialGoods,EmergingMarkets,NorthAmerica,CommoditiesTrading,95
HYPO34,MARK,CTY,ConsumerTech,LowRisk,DigitalTransformation,FixedIncomeSecurities,77
HYPO34,MARK,CTY,Telecommunications,EmergingMarkets,SustainabilityInitiatives,ConsumerRetail,33
HYPO34,MARK,MGT,ConsumerTech,HighRisk,NorthAmerica,GreenEnergy,85
HYPO34,MARK,FIC,ConsumerTech,InnovationDriven,Africa,AIandRobotics,30
HYPO34,MARK,CTY,FinancialServices,LowRisk,MiddleEast,EquityDerivatives,74
HYPO34,MARK,CTY,Infrastructure,NicheProducts,MiddleEast,EquityDerivatives,28
HYPO34,MARK,MGT,Telecommunications,LowRisk,Africa,AIandRobotics,15
HYPO34,MARK,MGT,Automotive,InnovationDriven,SustainabilityInitiatives,GreenEnergy,54
HYPO34,MARK,CTY,EnergyUtilities,StableEarnings,MiddleEast,RealEstateInvestments,88
HYPO34,MARK,EQD,FinancialServices,InnovationDriven,Europe,FixedIncomeSecurities,84
HYPO34,MARK,FIC,Automotive,LegacyProducts,SustainabilityInitiatives,CommoditiesTrading,63
HYPO34,MARK,EQD,EnergyUtilities,LowRisk,R&DInvestments,FixedIncomeSecurities,88
HYPO34,MARK,EQD,Infrastructure,MarketLeader,LatinAmerica,GreenEnergy,64
HYPO34,MARK,MGT,EnergyUtilities,InnovationDriven,Africa,PrivateEquity,10
HYPO34,MARK,EQD,Telecommunications,HighGrowth,R&DInvestments,ConsumerRetail,8
HYPO34,MARK,EQD,HealthcareSolutions,NicheProducts,SustainabilityInitiatives,CommoditiesTrading,94
HYPO34,MARK,FIC,EnergyUtilities,LowRisk,Europe,ConsumerRetail,25
HYPO34,MARK,CTY,Automotive,LegacyProducts,AsiaPacific,RealEstateInvestments,96
HYPO34,MARK,EQD,IndustrialGoods,EmergingMarkets,R&DInvestments,AIandRobotics,73
HYPO34,MARK,EQD,Automotive,HighGrowth,Europe,AIandRobotics,39
HYPO34,MARK,MGT,Automotive,MarketLeader,GlobalExports,Biotechnology,2
HYPO34,MARK,EQD,Infrastructure,NicheProducts,LatinAmerica,CommoditiesTrading,90
HYPO34,MARK,MGT,ConsumerTech,HighRisk,NorthAmerica,RealEstateInvestments,93
HYPO34,MARK,FIC,EnergyUtilities,EmergingMarkets,LatinAmerica,EquityDerivatives,28
HYPO34,MARK,MGT,Infrastructure,InnovationDriven,GlobalExports,RealEstateInvestments,26
HYPO34,MARK,EQD,HealthcareSolutions,NicheProducts,Africa,VentureCapital,71
HYPO34,MARK,MGT,Pharmaceuticals,CashCow,GlobalExports,FixedIncomeSecurities,85
HYPO34,MARK,FIC,ConsumerTech,NicheProducts,R&DInvestments,Biotechnology,92
HYPO34,MARK,EQD,Infrastructure,LowRisk,SustainabilityInitiatives,PrivateEquity,48
HYPO34,MARK,MGT,Infrastructure,InnovationDriven,SustainabilityInitiatives,CommoditiesTrading,87
HYPO34,MARK,MGT,FinancialServices,MarketLeader,SustainabilityInitiatives,FixedIncomeSecurities,28
HYPO34,MARK,CTY,Pharmaceuticals,StableEarnings,GlobalExports,PrivateEquity,10
HYPO34,MARK,CTY,Pharmaceuticals,InnovationDriven,R&DInvestments,AIandRobotics,7
HYPO34,MARK,FIC,Infrastructure,StableEarnings,Africa,ConsumerRetail,58
HYPO34,MARK,EQD,ConsumerTech,MarketLeader,Africa,ConsumerRetail,31
HYPO34,MARK,EQD,ConsumerTech,InnovationDriven,Europe,CommoditiesTrading,97
HYPO34,MARK,MGT,HealthcareSolutions,MarketLeader,LatinAmerica,EquityDerivatives,69
HYPO34,MARK,FIC,HealthcareSolutions,InnovationDriven,MiddleEast,ConsumerRetail,7
HYPO34,MARK,CTY,IndustrialGoods,InnovationDriven,GlobalExports,RealEstateInvestments,78
HYPO34,MARK,EQD,HealthcareSolutions,LowRisk,GlobalExports,PrivateEquity,84
HYPO34,MARK,MGT,FinancialServices,NicheProducts,Africa,EquityDerivatives,70
HYPO34,MARK,FIC,FinancialServices,LegacyProducts,GlobalExports,GreenEnergy,26
HYPO34,MARK,MGT,Automotive,EmergingMarkets,GlobalExports,EquityDerivatives,3
HYPO34,MARK,MGT,Telecommunications,InnovationDriven,MiddleEast,VentureCapital,67
HYPO34,MARK,EQD,Automotive,StableEarnings,SustainabilityInitiatives,RealEstateInvestments,49
HYPO34,MARK,MGT,Telecommunications,LegacyProducts,LatinAmerica,ConsumerRetail,58
HYPO34,MARK,MGT,HealthcareSolutions,CashCow,NorthAmerica,Biotechnology,16
HYPO34,MARK,EQD,FinancialServices,LegacyProducts,GlobalExports,Biotechnology,92
HYPO34,MARK,FIC,EnergyUtilities,CashCow,Africa,ConsumerRetail,23
HYPO34,MARK,EQD,Pharmaceuticals,HighRisk,GlobalExports,PrivateEquity,34
HYPO34,MARK,MGT,EnergyUtilities,EmergingMarkets,MiddleEast,PrivateEquity,25
HYPO34,MARK,FIC,Infrastructure,InnovationDriven,DigitalTransformation,GreenEnergy,75
HYPO34,MARK,EQD,MediaEntertainment,StableEarnings,R&DInvestments,GreenEnergy,67
HYPO34,MARK,MGT,MediaEntertainment,HighRisk,AsiaPacific,CommoditiesTrading,65
HYPO34,MARK,MGT,Infrastructure,LegacyProducts,Europe,RealEstateInvestments,90
HYPO34,MARK,FIC,Automotive,MarketLeader,Europe,CommoditiesTrading,40
HYPO34,MARK,MGT,ConsumerTech,StableEarnings,R&DInvestments,PrivateEquity,52
HYPO34,MARK,EQD,ConsumerTech,InnovationDriven,MiddleEast,VentureCapital,51
HYPO34,MARK,FIC,FinancialServices,MarketLeader,MiddleEast,EquityDerivatives,10
HYPO34,MARK,MGT,Automotive,MarketLeader,R&DInvestments,CommoditiesTrading,40
HYPO34,MARK,FIC,HealthcareSolutions,InnovationDriven,DigitalTransformation,AIandRobotics,2
HYPO34,MARK,CTY,IndustrialGoods,HighRisk,GlobalExports,GreenEnergy,38
HYPO34,MARK,FIC,EnergyUtilities,CashCow,GlobalExports,RealEstateInvestments,39
HYPO34,MARK,CTY,Pharmaceuticals,NicheProducts,Africa,RealEstateInvestments,48
HYPO34,MARK,FIC,IndustrialGoods,InnovationDriven,DigitalTransformation,CommoditiesTrading,72
HYPO34,MARK,MGT,Automotive,InnovationDriven,Europe,CommoditiesTrading,49
HYPO34,MARK,MGT,ConsumerTech,CashCow,R&DInvestments,FixedIncomeSecurities,86
HYPO34,MARK,FIC,EnergyUtilities,HighRisk,Africa,EquityDerivatives,76
HYPO34,MARK,CTY,EnergyUtilities,EmergingMarkets,Africa,AIandRobotics,14
HYPO34,MARK,MGT,Automotive,MarketLeader,AsiaPacific,PrivateEquity,49
HYPO34,MARK,FIC,Telecommunications,CashCow,Africa,AIandRobotics,62
HYPO34,MARK,EQD,ConsumerTech,EmergingMarkets,MiddleEast,EquityDerivatives,74
HYPO34,MARK,MGT,FinancialServices,InnovationDriven,MiddleEast,VentureCapital,77
HYPO34,MARK,CTY,Telecommunications,HighRisk,MiddleEast,RealEstateInvestments,21
HYPO34,MARK,FIC,Telecommunications,NicheProducts,NorthAmerica,RealEstateInvestments,28
HYPO34,MARK,CTY,Pharmaceuticals,MarketLeader,MiddleEast,Biotechnology,51
HYPO34,MARK,FIC,Infrastructure,LowRisk,NorthAmerica,ConsumerRetail,48
HYPO34,MARK,MGT,FinancialServices,HighRisk,GlobalExports,Biotechnology,58
HYPO34,MARK,EQD,HealthcareSolutions,NicheProducts,MiddleEast,FixedIncomeSecurities,55
HYPO34,MARK,FIC,Pharmaceuticals,HighGrowth,DigitalTransformation,ConsumerRetail,6
HYPO34,MARK,FIC,Infrastructure,LegacyProducts,GlobalExports,Biotechnology,23
HYPO34,MARK,FIC,ConsumerTech,HighGrowth,AsiaPacific,EquityDerivatives,57
HYPO34,MARK,MGT,Infrastructure,CashCow,AsiaPacific,ConsumerRetail,84
HYPO34,MARK,FIC,EnergyUtilities,MarketLeader,Africa,AIandRobotics,40
HYPO34,MARK,CTY,ConsumerTech,HighGrowth,Africa,FixedIncomeSecurities,86
HYPO34,MARK,FIC,IndustrialGoods,HighGrowth,GlobalExports,CommoditiesTrading,76
HYPO34,MARK,FIC,EnergyUtilities,NicheProducts,LatinAmerica,AIandRobotics,79
HYPO34,MARK,MGT,Automotive,HighRisk,SustainabilityInitiatives,CommoditiesTrading,66
HYPO34,MARK,CTY,Telecommunications,InnovationDriven,Africa,VentureCapital,78
HYPO34,MARK,EQD,Telecommunications,HighGrowth,AsiaPacific,ConsumerRetail,42
HYPO34,MARK,EQD,Automotive,MarketLeader,GlobalExports,RealEstateInvestments,15
HYPO34,MARK,MGT,Automotive,NicheProducts,R&DInvestments,ConsumerRetail,88
HYPO34,MARK,EQD,Automotive,NicheProducts,LatinAmerica,EquityDerivatives,91
HYPO34,MARK,EQD,HealthcareSolutions,CashCow,Europe,CommoditiesTrading,62
HYPO34,MARK,MGT,ConsumerTech,LegacyProducts,SustainabilityInitiatives,ConsumerRetail,72
HYPO34,MARK,EQD,EnergyUtilities,MarketLeader,DigitalTransformation,VentureCapital,17
HYPO34,MARK,CTY,Infrastructure,StableEarnings,LatinAmerica,VentureCapital,69
HYPO34,MARK,CTY,IndustrialGoods,HighRisk,MiddleEast,PrivateEquity,64
HYPO34,MARK,CTY,MediaEntertainment,CashCow,MiddleEast,VentureCapital,99
HYPO34,MARK,EQD,IndustrialGoods,CashCow,NorthAmerica,Biotechnology,18
HYPO34,MARK,EQD,Telecommunications,CashCow,Europe,GreenEnergy,15
HYPO34,MARK,FIC,FinancialServices,CashCow,Europe,AIandRobotics,64
HYPO34,MARK,CTY,MediaEntertainment,EmergingMarkets,MiddleEast,FixedIncomeSecurities,24
HYPO34,MARK,FIC,Automotive,LowRisk,GlobalExports,Biotechnology,34
HYPO34,MARK,CTY,Telecommunications,StableEarnings,GlobalExports,FixedIncomeSecurities,50
HYPO34,MARK,CTY,Automotive,LowRisk,Africa,Biotechnology,38
HYPO34,MARK,EQD,Automotive,EmergingMarkets,AsiaPacific,CommoditiesTrading,56
HYPO34,MARK,EQD,FinancialServices,StableEarnings,AsiaPacific,ConsumerRetail,39
HYPO34,MARK,CTY,Infrastructure,HighGrowth,DigitalTransformation,VentureCapital,41
HYPO34,MARK,EQD,MediaEntertainment,NicheProducts,AsiaPacific,Biotechnology,37
HYPO34,MARK,CTY,IndustrialGoods,MarketLeader,NorthAmerica,Biotechnology,41
HYPO34,MARK,EQD,Automotive,HighRisk,R&DInvestments,RealEstateInvestments,44
HYPO34,MARK,MGT,Telecommunications,MarketLeader,AsiaPacific,CommoditiesTrading,30
HYPO34,MARK,FIC,IndustrialGoods,NicheProducts,Africa,ConsumerRetail,30
HYPO34,MARK,MGT,Infrastructure,StableEarnings,R&DInvestments,EquityDerivatives,10
HYPO34,MARK,MGT,MediaEntertainment,LowRisk,LatinAmerica,CommoditiesTrading,8
HYPO34,MARK,FIC,FinancialServices,LegacyProducts,GlobalExports,ConsumerRetail,66
HYPO34,MARK,CTY,ConsumerTech,HighGrowth,MiddleEast,CommoditiesTrading,33
HYPO34,MARK,MGT,EnergyUtilities,HighGrowth,R&DInvestments,Biotechnology,84
HYPO34,MARK,CTY,ConsumerTech,LowRisk,R&DInvestments,FixedIncomeSecurities,38
HYPO34,MARK,EQD,ConsumerTech,MarketLeader,NorthAmerica,EquityDerivatives,23
HYPO34,MARK,EQD,IndustrialGoods,EmergingMarkets,GlobalExports,GreenEnergy,13
HYPO34,MARK,MGT,FinancialServices,LegacyProducts,LatinAmerica,Biotechnology,41
HYPO34,MARK,MGT,Infrastructure,HighRisk,Europe,RealEstateInvestments,75
HYPO34,MARK,CTY,IndustrialGoods,InnovationDriven,R&DInvestments,PrivateEquity,61
HYPO34,MARK,FIC,Pharmaceuticals,LegacyProducts,LatinAmerica,FixedIncomeSecurities,77
HYPO34,MARK,CTY,IndustrialGoods,EmergingMarkets,SustainabilityInitiatives,Biotechnology,90
HYPO34,MARK,CTY,Automotive,EmergingMarkets,LatinAmerica,AIandRobotics,58
HYPO34,MARK,MGT,IndustrialGoods,HighGrowth,MiddleEast,EquityDerivatives,61
HYPO34,MARK,EQD,Infrastructure,MarketLeader,AsiaPacific,PrivateEquity,1
HYPO34,MARK,EQD,HealthcareSolutions,StableEarnings,SustainabilityInitiatives,RealEstateInvestments,49
HYPO34,MARK,EQD,IndustrialGoods,EmergingMarkets,GlobalExports,Biotechnology,93
HYPO34,MARK,MGT,Automotive,InnovationDriven,AsiaPacific,RealEstateInvestments,67
HYPO34,MARK,CTY,Automotive,EmergingMarkets,AsiaPacific,GreenEnergy,61
HYPO34,MARK,MGT,Infrastructure,InnovationDriven,Africa,EquityDerivatives,93
HYPO34,MARK,CTY,Automotive,LowRisk,DigitalTransformation,PrivateEquity,64
HYPO34,MARK,FIC,Automotive,MarketLeader,LatinAmerica,RealEstateInvestments,14
HYPO34,MARK,MGT,EnergyUtilities,StableEarnings,DigitalTransformation,ConsumerRetail,16
HYPO34,MARK,CTY,Telecommunications,MarketLeader,GlobalExports,PrivateEquity,89
HYPO34,MARK,FIC,IndustrialGoods,MarketLeader,SustainabilityInitiatives,GreenEnergy,69
HYPO34,MARK,CTY,HealthcareSolutions,EmergingMarkets,Europe,AIandRobotics,50
HYPO34,MARK,FIC,IndustrialGoods,LowRisk,AsiaPacific,AIandRobotics,2
HYPO34,MARK,CTY,Pharmaceuticals,NicheProducts,MiddleEast,ConsumerRetail,76
HYPO34,MARK,EQD,FinancialServices,HighGrowth,SustainabilityInitiatives,ConsumerRetail,51
HYPO34,MARK,EQD,Pharmaceuticals,MarketLeader,Europe,ConsumerRetail,51
HYPO34,MARK,MGT,HealthcareSolutions,LegacyProducts,DigitalTransformation,EquityDerivatives,13
HYPO34,MARK,FIC,MediaEntertainment,HighRisk,LatinAmerica,GreenEnergy,52
HYPO34,MARK,FIC,IndustrialGoods,HighRisk,AsiaPacific,EquityDerivatives,91
HYPO34,MARK,MGT,Automotive,LegacyProducts,GlobalExports,FixedIncomeSecurities,95
HYPO34,MARK,FIC,EnergyUtilities,StableEarnings,SustainabilityInitiatives,VentureCapital,98
HYPO34,MARK,EQD,Automotive,StableEarnings,GlobalExports,GreenEnergy,76
HYPO34,MARK,CTY,Automotive,HighRisk,LatinAmerica,FixedIncomeSecurities,87
HYPO34,MARK,MGT,IndustrialGoods,EmergingMarkets,MiddleEast,VentureCapital,82
HYPO34,MARK,CTY,Telecommunications,StableEarnings,MiddleEast,AIandRobotics,87
HYPO34,MARK,MGT,Pharmaceuticals,CashCow,DigitalTransformation,EquityDerivatives,45
HYPO34,MARK,MGT,ConsumerTech,InnovationDriven,R&DInvestments,FixedIncomeSecurities,42
HYPO34,MARK,MGT,MediaEntertainment,LowRisk,LatinAmerica,RealEstateInvestments,44
HYPO34,MARK,EQD,IndustrialGoods,EmergingMarkets,LatinAmerica,EquityDerivatives,49
HYPO34,MARK,FIC,HealthcareSolutions,HighGrowth,LatinAmerica,EquityDerivatives,71
HYPO34,MARK,MGT,MediaEntertainment,CashCow,MiddleEast,PrivateEquity,25
HYPO34,MARK,CTY,MediaEntertainment,EmergingMarkets,DigitalTransformation,RealEstateInvestments,18
HYPO34,MARK,MGT,Telecommunications,EmergingMarkets,R&DInvestments,FixedIncomeSecurities,56
HYPO34,MARK,MGT,EnergyUtilities,HighGrowth,AsiaPacific,Biotechnology,36
HYPO34,MARK,MGT,Automotive,LegacyProducts,LatinAmerica,PrivateEquity,7
HYPO34,MARK,EQD,EnergyUtilities,EmergingMarkets,SustainabilityInitiatives,FixedIncomeSecurities,94
HYPO34,MARK,EQD,Automotive,HighRisk,DigitalTransformation,ConsumerRetail,49
HYPO34,MARK,MGT,FinancialServices,CashCow,SustainabilityInitiatives,FixedIncomeSecurities,88
HYPO34,MARK,FIC,IndustrialGoods,InnovationDriven,AsiaPacific,Biotechnology,96
HYPO34,MARK,FIC,MediaEntertainment,HighGrowth,Africa,VentureCapital,56
HYPO34,MARK,MGT,MediaEntertainment,MarketLeader,R&DInvestments,CommoditiesTrading,71
HYPO34,MARK,FIC,EnergyUtilities,InnovationDriven,AsiaPacific,VentureCapital,34
HYPO34,MARK,CTY,Automotive,StableEarnings,NorthAmerica,FixedIncomeSecurities,33
HYPO34,MARK,CTY,Pharmaceuticals,HighGrowth,R&DInvestments,EquityDerivatives,50
HYPO34,MARK,FIC,IndustrialGoods,HighGrowth,DigitalTransformation,EquityDerivatives,55
HYPO34,MARK,EQD,IndustrialGoods,LowRisk,AsiaPacific,VentureCapital,82
HYPO34,MARK,CTY,Telecommunications,StableEarnings,LatinAmerica,PrivateEquity,16
HYPO34,MARK,MGT,Automotive,LowRisk,GlobalExports,RealEstateInvestments,93
HYPO34,MARK,MGT,EnergyUtilities,NicheProducts,LatinAmerica,FixedIncomeSecurities,87
HYPO34,MARK,MGT,MediaEntertainment,LegacyProducts,Europe,VentureCapital,10
HYPO34,MARK,MGT,ConsumerTech,NicheProducts,AsiaPacific,Biotechnology,66
HYPO34,MARK,MGT,Telecommunications,HighRisk,DigitalTransformation,PrivateEquity,61
HYPO34,MARK,CTY,Pharmaceuticals,InnovationDriven,R&DInvestments,Biotechnology,18
HYPO34,MARK,EQD,MediaEntertainment,LowRisk,AsiaPacific,Biotechnology,58
HYPO34,MARK,MGT,IndustrialGoods,HighGrowth,Africa,AIandRobotics,75
HYPO34,MARK,MGT,ConsumerTech,EmergingMarkets,Africa,ConsumerRetail,56
HYPO34,MARK,CTY,MediaEntertainment,MarketLeader,AsiaPacific,ConsumerRetail,85
HYPO34,MARK,CTY,Pharmaceuticals,HighRisk,Africa,PrivateEquity,63
HYPO34,MARK,FIC,Pharmaceuticals,NicheProducts,LatinAmerica,Biotechnology,92
HYPO34,MARK,FIC,Infrastructure,CashCow,GlobalExports,CommoditiesTrading,77
HYPO34,MARK,CTY,Pharmaceuticals,LegacyProducts,SustainabilityInitiatives,Biotechnology,46
HYPO34,MARK,CTY,HealthcareSolutions,HighRisk,Africa,FixedIncomeSecurities,3
HYPO34,MARK,MGT,ConsumerTech,HighGrowth,Africa,FixedIncomeSecurities,88
HYPO34,MARK,CTY,FinancialServices,MarketLeader,Europe,RealEstateInvestments,73
HYPO34,MARK,MGT,HealthcareSolutions,NicheProducts,NorthAmerica,Biotechnology,69
HYPO34,MARK,MGT,IndustrialGoods,StableEarnings,NorthAmerica,AIandRobotics,52
HYPO34,MARK,FIC,Pharmaceuticals,LowRisk,LatinAmerica,PrivateEquity,37
HYPO34,MARK,MGT,ConsumerTech,LegacyProducts,AsiaPacific,AIandRobotics,35
HYPO34,MARK,MGT,HealthcareSolutions,NicheProducts,R&DInvestments,RealEstateInvestments,40
HYPO34,MARK,FIC,FinancialServices,LowRisk,LatinAmerica,PrivateEquity,30
HYPO34,MARK,MGT,IndustrialGoods,CashCow,R&DInvestments,VentureCapital,70
HYPO34,MARK,FIC,EnergyUtilities,HighRisk,R&DInvestments,GreenEnergy,66
HYPO34,MARK,CTY,MediaEntertainment,HighGrowth,LatinAmerica,ConsumerRetail,2
HYPO34,MARK,CTY,IndustrialGoods,LowRisk,R&DInvestments,Biotechnology,14
HYPO34,MARK,FIC,Telecommunications,EmergingMarkets,Africa,PrivateEquity,94
HYPO34,MARK,MGT,HealthcareSolutions,HighRisk,DigitalTransformation,EquityDerivatives,17
HYPO34,MARK,FIC,Pharmaceuticals,CashCow,NorthAmerica,VentureCapital,83
HYPO34,MARK,MGT,Infrastructure,HighRisk,Europe,FixedIncomeSecurities,83
HYPO34,MARK,EQD,Pharmaceuticals,NicheProducts,MiddleEast,ConsumerRetail,88
HYPO34,MARK,CTY,FinancialServices,NicheProducts,DigitalTransformation,PrivateEquity,31
HYPO34,MARK,MGT,Infrastructure,LowRisk,GlobalExports,CommoditiesTrading,98
HYPO34,MARK,MGT,Automotive,HighGrowth,LatinAmerica,ConsumerRetail,32
HYPO34,MARK,FIC,HealthcareSolutions,InnovationDriven,GlobalExports,RealEstateInvestments,16
HYPO34,MARK,CTY,HealthcareSolutions,LegacyProducts,DigitalTransformation,EquityDerivatives,15
HYPO34,MARK,EQD,Automotive,LowRisk,NorthAmerica,AIandRobotics,48
HYPO34,MARK,CTY,MediaEntertainment,LegacyProducts,NorthAmerica,ConsumerRetail,69
HYPO34,MARK,CTY,Telecommunications,LowRisk,MiddleEast,RealEstateInvestments,79
HYPO34,MARK,MGT,MediaEntertainment,NicheProducts,NorthAmerica,GreenEnergy,35
HYPO34,MARK,EQD,FinancialServices,NicheProducts,DigitalTransformation,FixedIncomeSecurities,28
HYPO34,MARK,MGT,EnergyUtilities,MarketLeader,MiddleEast,VentureCapital,11
HYPO34,MARK,EQD,HealthcareSolutions,InnovationDriven,GlobalExports,GreenEnergy,15
HYPO34,MARK,MGT,Telecommunications,CashCow,R&DInvestments,FixedIncomeSecurities,64
HYPO34,MARK,CTY,HealthcareSolutions,EmergingMarkets,SustainabilityInitiatives,AIandRobotics,37
HYPO34,MARK,MGT,HealthcareSolutions,NicheProducts,LatinAmerica,PrivateEquity,60
HYPO34,MARK,FIC,MediaEntertainment,EmergingMarkets,DigitalTransformation,AIandRobotics,2
HYPO34,MARK,CTY,MediaEntertainment,HighGrowth,AsiaPacific,RealEstateInvestments,21
HYPO34,MARK,EQD,FinancialServices,StableEarnings,DigitalTransformation,Biotechnology,1
HYPO34,MARK,EQD,FinancialServices,CashCow,NorthAmerica,GreenEnergy,85
HYPO34,MARK,FIC,MediaEntertainment,LowRisk,R&DInvestments,PrivateEquity,88
HYPO34,MARK,FIC,HealthcareSolutions,StableEarnings,R&DInvestments,ConsumerRetail,78
HYPO34,MARK,MGT,Pharmaceuticals,EmergingMarkets,MiddleEast,VentureCapital,2
HYPO34,MARK,MGT,MediaEntertainment,HighGrowth,SustainabilityInitiatives,CommoditiesTrading,24
HYPO34,MARK,FIC,Telecommunications,MarketLeader,R&DInvestments,AIandRobotics,27
HYPO34,MARK,EQD,EnergyUtilities,HighRisk,Africa,GreenEnergy,61
HYPO34,MARK,EQD,HealthcareSolutions,CashCow,DigitalTransformation,ConsumerRetail,81
HYPO34,MARK,EQD,EnergyUtilities,HighGrowth,GlobalExports,CommoditiesTrading,33
HYPO34,MARK,FIC,ConsumerTech,HighGrowth,Europe,AIandRobotics,75
HYPO34,MARK,MGT,FinancialServices,MarketLeader,MiddleEast,Biotechnology,60
HYPO34,MARK,CTY,ConsumerTech,MarketLeader,GlobalExports,ConsumerRetail,84
HYPO34,MARK,EQD,Telecommunications,CashCow,NorthAmerica,CommoditiesTrading,84
HYPO34,MARK,CTY,HealthcareSolutions,LegacyProducts,R&DInvestments,ConsumerRetail,56
HYPO34,MARK,EQD,ConsumerTech,EmergingMarkets,SustainabilityInitiatives,Biotechnology,64
HYPO34,MARK,FIC,Infrastructure,HighGrowth,AsiaPacific,FixedIncomeSecurities,37
HYPO34,MARK,EQD,Infrastructure,InnovationDriven,DigitalTransformation,CommoditiesTrading,89
HYPO34,MARK,CTY,IndustrialGoods,LegacyProducts,R&DInvestments,Biotechnology,52
HYPO34,MARK,CTY,MediaEntertainment,MarketLeader,R&DInvestments,Biotechnology,11
HYPO34,MARK,EQD,EnergyUtilities,MarketLeader,Africa,Biotechnology,58
HYPO34,MARK,MGT,MediaEntertainment,NicheProducts,MiddleEast,CommoditiesTrading,59
HYPO34,MARK,FIC,MediaEntertainment,EmergingMarkets,R&DInvestments,CommoditiesTrading,57
HYPO34,MARK,CTY,HealthcareSolutions,HighGrowth,R&DInvestments,AIandRobotics,18
HYPO34,MARK,FIC,MediaEntertainment,HighGrowth,Europe,VentureCapital,49
HYPO34,MARK,MGT,IndustrialGoods,LegacyProducts,Europe,EquityDerivatives,93
HYPO34,MARK,CTY,Infrastructure,NicheProducts,GlobalExports,FixedIncomeSecurities,15
HYPO34,MARK,CTY,Automotive,CashCow,MiddleEast,PrivateEquity,34
HYPO34,MARK,CTY,FinancialServices,HighGrowth,Africa,VentureCapital,88
HYPO34,MARK,MGT,HealthcareSolutions,NicheProducts,Africa,CommoditiesTrading,37
HYPO34,MARK,CTY,Telecommunications,MarketLeader,GlobalExports,Biotechnology,94
HYPO34,MARK,EQD,Automotive,HighGrowth,MiddleEast,GreenEnergy,72
HYPO34,MARK,EQD,Pharmaceuticals,HighGrowth,GlobalExports,Biotechnology,36
HYPO34,MARK,FIC,Infrastructure,InnovationDriven,MiddleEast,GreenEnergy,21
HYPO34,MARK,CTY,HealthcareSolutions,MarketLeader,GlobalExports,ConsumerRetail,1
HYPO34,MARK,CTY,MediaEntertainment,LegacyProducts,LatinAmerica,RealEstateInvestments,89
HYPO34,MARK,EQD,IndustrialGoods,MarketLeader,GlobalExports,RealEstateInvestments,19
HYPO34,MARK,EQD,ConsumerTech,InnovationDriven,GlobalExports,FixedIncomeSecurities,6
HYPO34,MARK,MGT,EnergyUtilities,HighGrowth,GlobalExports,GreenEnergy,50
HYPO34,MARK,CTY,Infrastructure,NicheProducts,LatinAmerica,EquityDerivatives,45
HYPO34,MARK,MGT,MediaEntertainment,MarketLeader,AsiaPacific,RealEstateInvestments,58
HYPO34,MARK,FIC,FinancialServices,MarketLeader,Europe,AIandRobotics,33
HYPO34,MARK,FIC,Automotive,EmergingMarkets,GlobalExports,AIandRobotics,47
HYPO34,MARK,FIC,ConsumerTech,LegacyProducts,DigitalTransformation,PrivateEquity,19
HYPO34,MARK,EQD,HealthcareSolutions,HighRisk,DigitalTransformation,PrivateEquity,8
HYPO34,MARK,EQD,EnergyUtilities,HighGrowth,AsiaPacific,PrivateEquity,24
HYPO34,MARK,MGT,Automotive,InnovationDriven,MiddleEast,RealEstateInvestments,56
HYPO34,MARK,EQD,Infrastructure,StableEarnings,SustainabilityInitiatives,FixedIncomeSecurities,94
HYPO34,MARK,MGT,Telecommunications,CashCow,GlobalExports,RealEstateInvestments,13
HYPO34,MARK,FIC,EnergyUtilities,LowRisk,Africa,EquityDerivatives,94
HYPO34,MARK,MGT,FinancialServices,HighGrowth,MiddleEast,FixedIncomeSecurities,95
HYPO34,MARK,CTY,HealthcareSolutions,StableEarnings,LatinAmerica,EquityDerivatives,8
HYPO34,MARK,FIC,EnergyUtilities,LowRisk,AsiaPacific,AIandRobotics,87
HYPO34,MARK,FIC,Pharmaceuticals,LowRisk,GlobalExports,AIandRobotics,81
HYPO34,MARK,EQD,Telecommunications,HighGrowth,MiddleEast,Biotechnology,95
HYPO34,MARK,MGT,Automotive,CashCow,MiddleEast,PrivateEquity,8
HYPO34,MARK,MGT,Automotive,HighGrowth,Africa,PrivateEquity,14
HYPO34,MARK,EQD,HealthcareSolutions,MarketLeader,Europe,GreenEnergy,75
HYPO34,MARK,FIC,FinancialServices,MarketLeader,AsiaPacific,FixedIncomeSecurities,38
HYPO34,MARK,CTY,Telecommunications,NicheProducts,SustainabilityInitiatives,GreenEnergy,42
HYPO34,MARK,CTY,Telecommunications,HighGrowth,R&DInvestments,ConsumerRetail,9
HYPO34,MARK,MGT,Automotive,HighGrowth,Europe,VentureCapital,92
HYPO34,MARK,FIC,Pharmaceuticals,InnovationDriven,MiddleEast,FixedIncomeSecurities,45
HYPO34,MARK,EQD,EnergyUtilities,LegacyProducts,SustainabilityInitiatives,CommoditiesTrading,77
HYPO34,MARK,MGT,IndustrialGoods,CashCow,R&DInvestments,ConsumerRetail,82
HYPO34,MARK,MGT,HealthcareSolutions,CashCow,NorthAmerica,FixedIncomeSecurities,19
HYPO34,MARK,CTY,Telecommunications,HighGrowth,MiddleEast,CommoditiesTrading,25
HYPO34,MARK,EQD,FinancialServices,LegacyProducts,MiddleEast,RealEstateInvestments,73
HYPO34,MARK,CTY,MediaEntertainment,LowRisk,AsiaPacific,AIandRobotics,67
HYPO34,MARK,EQD,ConsumerTech,EmergingMarkets,MiddleEast,FixedIncomeSecurities,38
HYPO34,MARK,EQD,ConsumerTech,LegacyProducts,R&DInvestments,CommoditiesTrading,26
HYPO34,MARK,MGT,Infrastructure,StableEarnings,NorthAmerica,GreenEnergy,89
HYPO34,MARK,CTY,EnergyUtilities,InnovationDriven,AsiaPacific,EquityDerivatives,69
HYPO34,MARK,FIC,Automotive,MarketLeader,Europe,CommoditiesTrading,85
HYPO34,MARK,CTY,IndustrialGoods,LegacyProducts,SustainabilityInitiatives,CommoditiesTrading,34
HYPO34,MARK,MGT,Infrastructure,HighGrowth,R&DInvestments,Biotechnology,64
HYPO34,MARK,CTY,EnergyUtilities,HighRisk,Europe,EquityDerivatives,45
HYPO34,MARK,MGT,IndustrialGoods,LegacyProducts,AsiaPacific,CommoditiesTrading,3
HYPO34,MARK,MGT,Pharmaceuticals,StableEarnings,AsiaPacific,RealEstateInvestments,39
HYPO34,MARK,EQD,HealthcareSolutions,HighGrowth,MiddleEast,RealEstateInvestments,70
HYPO34,MARK,CTY,Infrastructure,MarketLeader,Africa,ConsumerRetail,94
HYPO34,MARK,MGT,Pharmaceuticals,LegacyProducts,DigitalTransformation,VentureCapital,47
HYPO34,MARK,MGT,ConsumerTech,LowRisk,Europe,AIandRobotics,51
HYPO34,MARK,EQD,MediaEntertainment,LowRisk,Africa,ConsumerRetail,86
HYPO34,MARK,CTY,ConsumerTech,HighRisk,AsiaPacific,VentureCapital,33
HYPO34,MARK,EQD,FinancialServices,EmergingMarkets,Europe,AIandRobotics,64
HYPO34,MARK,FIC,ConsumerTech,NicheProducts,NorthAmerica,FixedIncomeSecurities,64
HYPO34,MARK,FIC,ConsumerTech,InnovationDriven,R&DInvestments,EquityDerivatives,53
HYPO34,MARK,FIC,MediaEntertainment,LowRisk,Africa,VentureCapital,3
HYPO34,MARK,CTY,ConsumerTech,EmergingMarkets,AsiaPacific,PrivateEquity,20
HYPO34,MARK,MGT,EnergyUtilities,EmergingMarkets,AsiaPacific,VentureCapital,61
HYPO34,MARK,EQD,MediaEntertainment,LegacyProducts,MiddleEast,EquityDerivatives,11
HYPO34,MARK,FIC,HealthcareSolutions,HighGrowth,DigitalTransformation,AIandRobotics,90
HYPO34,MARK,EQD,MediaEntertainment,CashCow,NorthAmerica,FixedIncomeSecurities,4
HYPO34,MARK,FIC,MediaEntertainment,HighRisk,MiddleEast,RealEstateInvestments,59
HYPO34,MARK,EQD,Telecommunications,StableEarnings,GlobalExports,GreenEnergy,31
HYPO34,MARK,CTY,FinancialServices,InnovationDriven,NorthAmerica,GreenEnergy,10
HYPO34,MARK,EQD,MediaEntertainment,MarketLeader,MiddleEast,PrivateEquity,38
HYPO34,MARK,MGT,IndustrialGoods,InnovationDriven,GlobalExports,EquityDerivatives,77
HYPO34,MARK,FIC,Automotive,CashCow,GlobalExports,PrivateEquity,15
HYPO34,MARK,FIC,MediaEntertainment,StableEarnings,Europe,CommoditiesTrading,1
HYPO34,MARK,EQD,Infrastructure,HighGrowth,DigitalTransformation,ConsumerRetail,55
HYPO34,MARK,MGT,Infrastructure,CashCow,Africa,CommoditiesTrading,57
HYPO34,MARK,FIC,IndustrialGoods,HighRisk,SustainabilityInitiatives,CommoditiesTrading,30
HYPO34,MARK,FIC,EnergyUtilities,MarketLeader,GlobalExports,PrivateEquity,47
HYPO34,MARK,FIC,Pharmaceuticals,InnovationDriven,AsiaPacific,Biotechnology,92
HYPO34,MARK,FIC,FinancialServices,MarketLeader,GlobalExports,GreenEnergy,67
HYPO34,MARK,CTY,IndustrialGoods,NicheProducts,NorthAmerica,PrivateEquity,12
HYPO34,MARK,CTY,FinancialServices,CashCow,GlobalExports,ConsumerRetail,30
HYPO34,MARK,EQD,ConsumerTech,LegacyProducts,Africa,EquityDerivatives,66
HYPO34,MARK,CTY,IndustrialGoods,NicheProducts,MiddleEast,ConsumerRetail,14
HYPO34,MARK,CTY,HealthcareSolutions,MarketLeader,R&DInvestments,AIandRobotics,91
HYPO34,MARK,FIC,FinancialServices,EmergingMarkets,AsiaPacific,VentureCapital,90
HYPO34,MARK,CTY,Automotive,HighRisk,Europe,CommoditiesTrading,67
HYPO34,MARK,FIC,ConsumerTech,HighRisk,NorthAmerica,CommoditiesTrading,31
HYPO34,MARK,FIC,ConsumerTech,HighRisk,LatinAmerica,ConsumerRetail,81
HYPO34,MARK,EQD,MediaEntertainment,HighGrowth,DigitalTransformation,PrivateEquity,9
HYPO34,MARK,MGT,Infrastructure,NicheProducts,AsiaPacific,PrivateEquity,58
HYPO34,MARK,MGT,FinancialServices,LegacyProducts,DigitalTransformation,VentureCapital,24
HYPO34,MARK,CTY,Infrastructure,MarketLeader,Africa,GreenEnergy,23
HYPO34,MARK,EQD,Pharmaceuticals,InnovationDriven,NorthAmerica,RealEstateInvestments,29
HYPO34,MARK,FIC,MediaEntertainment,MarketLeader,Europe,RealEstateInvestments,2
HYPO34,MARK,MGT,FinancialServices,InnovationDriven,SustainabilityInitiatives,AIandRobotics,90
HYPO34,MARK,CTY,HealthcareSolutions,LegacyProducts,SustainabilityInitiatives,FixedIncomeSecurities,77
HYPO34,MARK,MGT,EnergyUtilities,EmergingMarkets,Europe,PrivateEquity,80
HYPO34,MARK,FIC,MediaEntertainment,StableEarnings,AsiaPacific,AIandRobotics,14
HYPO34,MARK,MGT,MediaEntertainment,LowRisk,Europe,Biotechnology,34
HYPO34,MARK,FIC,Pharmaceuticals,HighGrowth,DigitalTransformation,FixedIncomeSecurities,84
HYPO34,MARK,EQD,HealthcareSolutions,CashCow,AsiaPacific,GreenEnergy,43
HYPO34,MARK,MGT,IndustrialGoods,HighGrowth,NorthAmerica,PrivateEquity,74
HYPO34,MARK,CTY,Pharmaceuticals,HighRisk,AsiaPacific,VentureCapital,80
HYPO34,MARK,MGT,Automotive,InnovationDriven,R&DInvestments,ConsumerRetail,32
HYPO34,MARK,MGT,MediaEntertainment,LowRisk,MiddleEast,ConsumerRetail,84
HYPO34,MARK,EQD,FinancialServices,NicheProducts,Europe,RealEstateInvestments,34
HYPO34,MARK,MGT,IndustrialGoods,EmergingMarkets,DigitalTransformation,Biotechnology,78
HYPO34,MARK,MGT,Automotive,NicheProducts,AsiaPacific,VentureCapital,89
HYPO34,MARK,CTY,FinancialServices,LowRisk,Africa,AIandRobotics,64
HYPO34,MARK,CTY,IndustrialGoods,CashCow,DigitalTransformation,CommoditiesTrading,59
HYPO34,MARK,MGT,FinancialServices,StableEarnings,MiddleEast,Biotechnology,62
HYPO34,MARK,FIC,Telecommunications,HighGrowth,Europe,VentureCapital,24
HYPO34,MARK,FIC,FinancialServices,StableEarnings,Europe,AIandRobotics,60
HYPO34,MARK,EQD,HealthcareSolutions,HighGrowth,Africa,GreenEnergy,16
HYPO34,MARK,MGT,MediaEntertainment,HighGrowth,MiddleEast,GreenEnergy,64
HYPO34,MARK,CTY,Pharmaceuticals,MarketLeader,Africa,FixedIncomeSecurities,87
HYPO34,MARK,FIC,FinancialServices,LegacyProducts,MiddleEast,AIandRobotics,3
HYPO34,MARK,MGT,Telecommunications,CashCow,SustainabilityInitiatives,VentureCapital,14
HYPO34,MARK,MGT,ConsumerTech,HighRisk,Africa,PrivateEquity,50
HYPO34,MARK,EQD,Pharmaceuticals,StableEarnings,AsiaPacific,GreenEnergy,60
HYPO34,MARK,EQD,Automotive,CashCow,R&DInvestments,Biotechnology,55
HYPO34,MARK,FIC,MediaEntertainment,StableEarnings,Europe,Biotechnology,18
HYPO34,MARK,MGT,HealthcareSolutions,MarketLeader,R&DInvestments,FixedIncomeSecurities,16
HYPO34,MARK,FIC,HealthcareSolutions,HighRisk,R&DInvestments,GreenEnergy,14
HYPO34,MARK,EQD,Telecommunications,EmergingMarkets,LatinAmerica,Biotechnology,66
HYPO34,MARK,EQD,MediaEntertainment,InnovationDriven,GlobalExports,GreenEnergy,86
HYPO34,MARK,EQD,Pharmaceuticals,MarketLeader,R&DInvestments,FixedIncomeSecurities,40
HYPO34,MARK,MGT,HealthcareSolutions,EmergingMarkets,R&DInvestments,EquityDerivatives,73
HYPO34,MARK,MGT,Automotive,EmergingMarkets,SustainabilityInitiatives,EquityDerivatives,4
HYPO34,MARK,CTY,EnergyUtilities,NicheProducts,GlobalExports,GreenEnergy,25
HYPO34,MARK,MGT,FinancialServices,StableEarnings,MiddleEast,GreenEnergy,2
HYPO34,MARK,MGT,MediaEntertainment,StableEarnings,Africa,ConsumerRetail,60
HYPO34,MARK,FIC,Pharmaceuticals,EmergingMarkets,Europe,FixedIncomeSecurities,40
HYPO34,MARK,EQD,ConsumerTech,HighRisk,MiddleEast,FixedIncomeSecurities,92
HYPO34,MARK,EQD,EnergyUtilities,EmergingMarkets,SustainabilityInitiatives,EquityDerivatives,35
HYPO34,MARK,FIC,Automotive,MarketLeader,GlobalExports,PrivateEquity,15
HYPO34,MARK,EQD,Automotive,NicheProducts,LatinAmerica,ConsumerRetail,60
HYPO34,MARK,FIC,HealthcareSolutions,NicheProducts,AsiaPacific,ConsumerRetail,18
HYPO34,MARK,FIC,ConsumerTech,CashCow,AsiaPacific,RealEstateInvestments,70
HYPO34,MARK,EQD,Telecommunications,CashCow,GlobalExports,GreenEnergy,39
HYPO34,MARK,CTY,IndustrialGoods,MarketLeader,Africa,AIandRobotics,19
HYPO34,MARK,MGT,ConsumerTech,MarketLeader,LatinAmerica,PrivateEquity,52
HYPO34,MARK,MGT,HealthcareSolutions,NicheProducts,Europe,GreenEnergy,23
HYPO34,MARK,FIC,Automotive,MarketLeader,AsiaPacific,VentureCapital,16
HYPO34,MARK,MGT,Automotive,HighGrowth,SustainabilityInitiatives,GreenEnergy,94
HYPO34,MARK,MGT,FinancialServices,EmergingMarkets,NorthAmerica,FixedIncomeSecurities,19
HYPO34,MARK,FIC,HealthcareSolutions,CashCow,AsiaPacific,AIandRobotics,61
HYPO34,MARK,CTY,MediaEntertainment,LowRisk,MiddleEast,ConsumerRetail,53
HYPO34,MARK,EQD,EnergyUtilities,HighRisk,LatinAmerica,AIandRobotics,58
HYPO34,MARK,CTY,Pharmaceuticals,StableEarnings,AsiaPacific,VentureCapital,52
HYPO34,MARK,MGT,MediaEntertainment,LegacyProducts,LatinAmerica,FixedIncomeSecurities,25
HYPO34,MARK,EQD,MediaEntertainment,LowRisk,Europe,Biotechnology,25
HYPO34,MARK,EQD,EnergyUtilities,HighGrowth,MiddleEast,GreenEnergy,65
HYPO34,MARK,CTY,FinancialServices,MarketLeader,NorthAmerica,PrivateEquity,11
HYPO34,MARK,CTY,EnergyUtilities,StableEarnings,LatinAmerica,FixedIncomeSecurities,7
HYPO34,MARK,FIC,MediaEntertainment,StableEarnings,NorthAmerica,CommoditiesTrading,74
HYPO34,MARK,MGT,ConsumerTech,CashCow,NorthAmerica,FixedIncomeSecurities,42
HYPO34,MARK,FIC,Infrastructure,StableEarnings,Europe,VentureCapital,6
HYPO34,MARK,CTY,Automotive,LowRisk,LatinAmerica,ConsumerRetail,56
HYPO34,MARK,CTY,HealthcareSolutions,HighGrowth,Europe,FixedIncomeSecurities,89
HYPO34,MARK,MGT,Automotive,HighGrowth,LatinAmerica,AIandRobotics,34
HYPO34,MARK,FIC,MediaEntertainment,StableEarnings,SustainabilityInitiatives,GreenEnergy,80
HYPO34,MARK,MGT,Pharmaceuticals,HighGrowth,SustainabilityInitiatives,GreenEnergy,18
HYPO34,MARK,EQD,Automotive,NicheProducts,Africa,GreenEnergy,42
HYPO34,MARK,FIC,Automotive,EmergingMarkets,DigitalTransformation,Biotechnology,70
HYPO34,MARK,FIC,EnergyUtilities,HighRisk,LatinAmerica,CommoditiesTrading,96
HYPO34,MARK,CTY,ConsumerTech,EmergingMarkets,AsiaPacific,Biotechnology,6
HYPO34,MARK,CTY,HealthcareSolutions,LegacyProducts,GlobalExports,ConsumerRetail,1
HYPO34,MARK,FIC,EnergyUtilities,EmergingMarkets,R&DInvestments,GreenEnergy,20
HYPO34,MARK,CTY,IndustrialGoods,MarketLeader,Africa,GreenEnergy,33
HYPO34,MARK,MGT,IndustrialGoods,HighRisk,SustainabilityInitiatives,RealEstateInvestments,68
HYPO34,MARK,CTY,ConsumerTech,StableEarnings,GlobalExports,FixedIncomeSecurities,68
HYPO34,MARK,CTY,HealthcareSolutions,HighGrowth,Europe,CommoditiesTrading,60
HYPO34,MARK,FIC,EnergyUtilities,HighRisk,NorthAmerica,PrivateEquity,3
HYPO34,MARK,MGT,HealthcareSolutions,CashCow,R&DInvestments,AIandRobotics,49
HYPO34,MARK,CTY,IndustrialGoods,HighGrowth,SustainabilityInitiatives,VentureCapital,43
HYPO34,MARK,MGT,EnergyUtilities,LowRisk,R&DInvestments,PrivateEquity,64
HYPO34,MARK,EQD,Automotive,CashCow,SustainabilityInitiatives,Biotechnology,39
HYPO34,MARK,CTY,Telecommunications,NicheProducts,LatinAmerica,FixedIncomeSecurities,10
HYPO34,MARK,MGT,HealthcareSolutions,StableEarnings,Africa,EquityDerivatives,3
HYPO34,MARK,FIC,HealthcareSolutions,CashCow,Africa,ConsumerRetail,11
HYPO34,MARK,FIC,EnergyUtilities,HighRisk,R&DInvestments,CommoditiesTrading,39
HYPO34,MARK,FIC,ConsumerTech,EmergingMarkets,Africa,EquityDerivatives,57
HYPO34,MARK,EQD,IndustrialGoods,LowRisk,SustainabilityInitiatives,Biotechnology,5
HYPO34,MARK,EQD,IndustrialGoods,LegacyProducts,DigitalTransformation,AIandRobotics,19
HYPO34,MARK,FIC,ConsumerTech,HighGrowth,Africa,Biotechnology,92
HYPO34,MARK,CTY,HealthcareSolutions,LowRisk,LatinAmerica,AIandRobotics,64
HYPO34,MARK,FIC,EnergyUtilities,LegacyProducts,NorthAmerica,Biotechnology,89
HYPO34,MARK,MGT,Pharmaceuticals,MarketLeader,DigitalTransformation,VentureCapital,44
HYPO34,MARK,FIC,HealthcareSolutions,LowRisk,GlobalExports,RealEstateInvestments,41
HYPO34,MARK,FIC,Infrastructure,LegacyProducts,SustainabilityInitiatives,RealEstateInvestments,55
HYPO34,MARK,CTY,Automotive,EmergingMarkets,R&DInvestments,FixedIncomeSecurities,29
HYPO34,MARK,CTY,FinancialServices,NicheProducts,SustainabilityInitiatives,CommoditiesTrading,8
HYPO34,MARK,MGT,ConsumerTech,NicheProducts,Africa,RealEstateInvestments,52
HYPO34,MARK,EQD,Infrastructure,StableEarnings,NorthAmerica,VentureCapital,18
HYPO34,MARK,MGT,Pharmaceuticals,StableEarnings,LatinAmerica,Biotechnology,88
HYPO34,MARK,EQD,Telecommunications,LegacyProducts,NorthAmerica,FixedIncomeSecurities,50
HYPO34,MARK,MGT,Pharmaceuticals,NicheProducts,SustainabilityInitiatives,ConsumerRetail,91
HYPO34,MARK,MGT,ConsumerTech,HighGrowth,GlobalExports,PrivateEquity,99
HYPO34,MARK,FIC,MediaEntertainment,LegacyProducts,Africa,EquityDerivatives,56
HYPO34,MARK,MGT,EnergyUtilities,StableEarnings,Europe,Biotechnology,53
HYPO34,MARK,CTY,ConsumerTech,LegacyProducts,MiddleEast,FixedIncomeSecurities,97
HYPO34,MARK,EQD,MediaEntertainment,StableEarnings,SustainabilityInitiatives,GreenEnergy,9
HYPO34,MARK,FIC,Telecommunications,StableEarnings,GlobalExports,CommoditiesTrading,43
HYPO34,MARK,EQD,ConsumerTech,MarketLeader,R&DInvestments,FixedIncomeSecurities,44
HYPO34,MARK,MGT,EnergyUtilities,EmergingMarkets,Africa,RealEstateInvestments,77
HYPO34,MARK,FIC,MediaEntertainment,StableEarnings,LatinAmerica,FixedIncomeSecurities,1
HYPO34,MARK,FIC,EnergyUtilities,LegacyProducts,R&DInvestments,Biotechnology,50
HYPO34,MARK,FIC,ConsumerTech,NicheProducts,LatinAmerica,AIandRobotics,18
HYPO34,MARK,EQD,Infrastructure,LowRisk,AsiaPacific,FixedIncomeSecurities,99
HYPO34,MARK,EQD,ConsumerTech,LowRisk,LatinAmerica,EquityDerivatives,32
HYPO34,MARK,MGT,Infrastructure,HighRisk,GlobalExports,Biotechnology,9
HYPO34,MARK,CTY,FinancialServices,NicheProducts,SustainabilityInitiatives,ConsumerRetail,51
HYPO34,MARK,CTY,MediaEntertainment,CashCow,R&DInvestments,Biotechnology,35
HYPO34,MARK,EQD,Pharmaceuticals,HighGrowth,NorthAmerica,EquityDerivatives,66
HYPO34,MARK,CTY,Automotive,InnovationDriven,MiddleEast,GreenEnergy,49
HYPO34,MARK,FIC,FinancialServices,StableEarnings,DigitalTransformation,PrivateEquity,16
HYPO34,MARK,FIC,ConsumerTech,EmergingMarkets,NorthAmerica,FixedIncomeSecurities,33
HYPO34,MARK,CTY,MediaEntertainment,LegacyProducts,Africa,GreenEnergy,76
HYPO34,MARK,EQD,ConsumerTech,EmergingMarkets,LatinAmerica,RealEstateInvestments,40
HYPO34,MARK,EQD,Automotive,CashCow,NorthAmerica,AIandRobotics,81
HYPO34,MARK,FIC,Pharmaceuticals,LegacyProducts,Europe,FixedIncomeSecurities,82
HYPO34,MARK,EQD,EnergyUtilities,HighGrowth,SustainabilityInitiatives,AIandRobotics,97
HYPO34,MARK,FIC,Infrastructure,LowRisk,LatinAmerica,Biotechnology,84
HYPO34,MARK,MGT,HealthcareSolutions,NicheProducts,Europe,CommoditiesTrading,3
HYPO34,MARK,FIC,IndustrialGoods,InnovationDriven,DigitalTransformation,CommoditiesTrading,29
HYPO34,MARK,FIC,Pharmaceuticals,HighGrowth,SustainabilityInitiatives,ConsumerRetail,66
HYPO34,MARK,MGT,HealthcareSolutions,HighRisk,Europe,FixedIncomeSecurities,90
HYPO34,MARK,MGT,FinancialServices,LegacyProducts,DigitalTransformation,CommoditiesTrading,30
HYPO34,MARK,EQD,Automotive,MarketLeader,AsiaPacific,VentureCapital,8
HYPO34,MARK,FIC,Pharmaceuticals,HighGrowth,GlobalExports,CommoditiesTrading,79
HYPO34,MARK,FIC,Telecommunications,CashCow,Europe,AIandRobotics,63
HYPO34,MARK,FIC,IndustrialGoods,InnovationDriven,LatinAmerica,EquityDerivatives,96
HYPO34,MARK,FIC,IndustrialGoods,NicheProducts,DigitalTransformation,PrivateEquity,8
HYPO34,MARK,CTY,Automotive,HighRisk,AsiaPacific,ConsumerRetail,56
HYPO34,MARK,MGT,EnergyUtilities,LowRisk,SustainabilityInitiatives,PrivateEquity,86
HYPO34,MARK,CTY,HealthcareSolutions,HighRisk,Africa,RealEstateInvestments,43
HYPO34,MARK,CTY,Pharmaceuticals,NicheProducts,R&DInvestments,GreenEnergy,59
HYPO34,MARK,FIC,FinancialServices,HighGrowth,DigitalTransformation,ConsumerRetail,75
HYPO34,MARK,CTY,EnergyUtilities,StableEarnings,LatinAmerica,GreenEnergy,39
HYPO34,MARK,MGT,Infrastructure,LowRisk,Africa,VentureCapital,1
HYPO34,MARK,MGT,Automotive,InnovationDriven,DigitalTransformation,FixedIncomeSecurities,91
HYPO34,MARK,EQD,HealthcareSolutions,EmergingMarkets,DigitalTransformation,CommoditiesTrading,91
HYPO34,MARK,CTY,Pharmaceuticals,HighRisk,DigitalTransformation,RealEstateInvestments,30
HYPO34,MARK,FIC,Automotive,MarketLeader,Africa,FixedIncomeSecurities,7
HYPO34,MARK,FIC,Automotive,LowRisk,Africa,Biotechnology,91
HYPO34,MARK,MGT,ConsumerTech,HighRisk,LatinAmerica,RealEstateInvestments,27
HYPO34,MARK,EQD,IndustrialGoods,HighGrowth,Africa,AIandRobotics,11
HYPO34,MARK,CTY,Infrastructure,NicheProducts,AsiaPacific,PrivateEquity,34
HYPO34,MARK,FIC,MediaEntertainment,InnovationDriven,MiddleEast,ConsumerRetail,43
HYPO34,MARK,CTY,MediaEntertainment,CashCow,LatinAmerica,EquityDerivatives,3
HYPO34,MARK,MGT,Automotive,NicheProducts,MiddleEast,VentureCapital,69
HYPO34,MARK,FIC,HealthcareSolutions,StableEarnings,Europe,ConsumerRetail,39
HYPO34,MARK,FIC,MediaEntertainment,LowRisk,NorthAmerica,RealEstateInvestments,24
HYPO34,MARK,MGT,FinancialServices,LowRisk,DigitalTransformation,FixedIncomeSecurities,55
HYPO34,MARK,MGT,HealthcareSolutions,HighGrowth,SustainabilityInitiatives,VentureCapital,23
HYPO34,MARK,MGT,IndustrialGoods,HighRisk,R&DInvestments,GreenEnergy,88
HYPO34,MARK,EQD,HealthcareSolutions,EmergingMarkets,SustainabilityInitiatives,FixedIncomeSecurities,64
HYPO34,MARK,EQD,FinancialServices,MarketLeader,Africa,FixedIncomeSecurities,46
HYPO34,MARK,MGT,Infrastructure,LowRisk,SustainabilityInitiatives,GreenEnergy,4
HYPO34,MARK,CTY,FinancialServices,EmergingMarkets,LatinAmerica,ConsumerRetail,47
HYPO34,MARK,CTY,IndustrialGoods,InnovationDriven,GlobalExports,CommoditiesTrading,27
HYPO34,MARK,FIC,Pharmaceuticals,NicheProducts,MiddleEast,GreenEnergy,68
HYPO34,MARK,FIC,ConsumerTech,NicheProducts,GlobalExports,ConsumerRetail,84
HYPO34,MARK,MGT,IndustrialGoods,StableEarnings,R&DInvestments,AIandRobotics,66
HYPO34,MARK,MGT,Automotive,NicheProducts,Africa,ConsumerRetail,59
HYPO34,MARK,CTY,EnergyUtilities,LegacyProducts,Africa,FixedIncomeSecurities,73
HYPO34,MARK,MGT,Automotive,InnovationDriven,GlobalExports,RealEstateInvestments,27
HYPO34,MARK,MGT,ConsumerTech,LegacyProducts,AsiaPacific,AIandRobotics,10
HYPO34,MARK,FIC,IndustrialGoods,MarketLeader,AsiaPacific,ConsumerRetail,56
HYPO34,MARK,EQD,IndustrialGoods,LowRisk,Europe,ConsumerRetail,12
HYPO34,MARK,CTY,Infrastructure,StableEarnings,MiddleEast,FixedIncomeSecurities,65
HYPO34,MARK,FIC,ConsumerTech,CashCow,Africa,GreenEnergy,51
HYPO34,MARK,CTY,EnergyUtilities,InnovationDriven,MiddleEast,CommoditiesTrading,71
HYPO34,MARK,FIC,FinancialServices,StableEarnings,LatinAmerica,VentureCapital,72
HYPO34,MARK,MGT,Telecommunications,HighGrowth,GlobalExports,CommoditiesTrading,86
HYPO34,MARK,EQD,Infrastructure,LowRisk,MiddleEast,Biotechnology,9
HYPO34,MARK,MGT,Automotive,InnovationDriven,DigitalTransformation,FixedIncomeSecurities,10
HYPO34,MARK,EQD,ConsumerTech,HighRisk,AsiaPacific,VentureCapital,96
HYPO34,MARK,MGT,Automotive,StableEarnings,MiddleEast,AIandRobotics,51
HYPO34,MARK,FIC,EnergyUtilities,InnovationDriven,SustainabilityInitiatives,FixedIncomeSecurities,92
HYPO34,MARK,FIC,EnergyUtilities,HighRisk,NorthAmerica,CommoditiesTrading,1
HYPO34,MARK,CTY,Infrastructure,MarketLeader,MiddleEast,VentureCapital,52
HYPO34,MARK,FIC,ConsumerTech,NicheProducts,MiddleEast,ConsumerRetail,83
HYPO34,MARK,CTY,Pharmaceuticals,MarketLeader,Europe,FixedIncomeSecurities,86
HYPO34,MARK,MGT,Infrastructure,InnovationDriven,LatinAmerica,VentureCapital,38
HYPO34,MARK,FIC,EnergyUtilities,HighRisk,LatinAmerica,PrivateEquity,15
HYPO34,MARK,EQD,HealthcareSolutions,HighRisk,Africa,PrivateEquity,50
HYPO34,MARK,MGT,Automotive,HighGrowth,DigitalTransformation,AIandRobotics,50
HYPO34,MARK,MGT,ConsumerTech,EmergingMarkets,MiddleEast,RealEstateInvestments,7
HYPO34,MARK,FIC,FinancialServices,HighRisk,AsiaPacific,ConsumerRetail,74
HYPO34,MARK,EQD,HealthcareSolutions,MarketLeader,SustainabilityInitiatives,FixedIncomeSecurities,54
HYPO34,MARK,MGT,FinancialServices,HighGrowth,NorthAmerica,ConsumerRetail,64
HYPO34,MARK,CTY,Telecommunications,LegacyProducts,SustainabilityInitiatives,VentureCapital,56
HYPO34,MARK,FIC,EnergyUtilities,HighRisk,NorthAmerica,VentureCapital,76
HYPO34,MARK,EQD,Pharmaceuticals,EmergingMarkets,Europe,Biotechnology,47
HYPO34,MARK,MGT,FinancialServices,LegacyProducts,AsiaPacific,RealEstateInvestments,40
HYPO34,MARK,CTY,HealthcareSolutions,InnovationDriven,GlobalExports,VentureCapital,43
HYPO34,MARK,MGT,EnergyUtilities,StableEarnings,GlobalExports,VentureCapital,80
HYPO34,MARK,FIC,HealthcareSolutions,StableEarnings,NorthAmerica,VentureCapital,32
HYPO34,MARK,MGT,Infrastructure,InnovationDriven,R&DInvestments,RealEstateInvestments,38
HYPO34,MARK,FIC,FinancialServices,StableEarnings,AsiaPacific,FixedIncomeSecurities,62
HYPO34,MARK,MGT,Automotive,MarketLeader,AsiaPacific,EquityDerivatives,3
HYPO34,MARK,EQD,FinancialServices,NicheProducts,DigitalTransformation,GreenEnergy,84
HYPO34,MARK,MGT,Pharmaceuticals,HighGrowth,SustainabilityInitiatives,FixedIncomeSecurities,28
HYPO34,MARK,FIC,EnergyUtilities,CashCow,NorthAmerica,AIandRobotics,32
HYPO34,MARK,CTY,EnergyUtilities,HighGrowth,AsiaPacific,GreenEnergy,94
HYPO34,MARK,FIC,EnergyUtilities,InnovationDriven,DigitalTransformation,CommoditiesTrading,80
HYPO34,MARK,MGT,Pharmaceuticals,MarketLeader,R&DInvestments,ConsumerRetail,2
HYPO34,MARK,CTY,Infrastructure,HighRisk,R&DInvestments,GreenEnergy,34
HYPO34,MARK,EQD,Pharmaceuticals,NicheProducts,AsiaPacific,AIandRobotics,9
HYPO34,MARK,EQD,FinancialServices,NicheProducts,MiddleEast,ConsumerRetail,29
HYPO34,MARK,MGT,IndustrialGoods,HighGrowth,LatinAmerica,GreenEnergy,1
HYPO34,MARK,FIC,ConsumerTech,MarketLeader,NorthAmerica,PrivateEquity,88
HYPO34,MARK,CTY,EnergyUtilities,HighRisk,NorthAmerica,GreenEnergy,11
HYPO34,MARK,FIC,EnergyUtilities,LowRisk,DigitalTransformation,VentureCapital,75
HYPO34,MARK,CTY,Automotive,CashCow,AsiaPacific,FixedIncomeSecurities,76
HYPO34,MARK,FIC,Automotive,MarketLeader,Africa,Biotechnology,7
HYPO34,MARK,MGT,EnergyUtilities,CashCow,MiddleEast,RealEstateInvestments,30
HYPO34,MARK,CTY,Telecommunications,CashCow,MiddleEast,AIandRobotics,59
HYPO34,MARK,MGT,EnergyUtilities,StableEarnings,NorthAmerica,EquityDerivatives,4
HYPO34,MARK,MGT,Pharmaceuticals,CashCow,LatinAmerica,RealEstateInvestments,6
HYPO34,MARK,CTY,ConsumerTech,InnovationDriven,DigitalTransformation,EquityDerivatives,15
HYPO34,MARK,FIC,FinancialServices,NicheProducts,MiddleEast,RealEstateInvestments,40
HYPO34,MARK,EQD,Pharmaceuticals,LowRisk,DigitalTransformation,FixedIncomeSecurities,3
HYPO34,MARK,MGT,Infrastructure,EmergingMarkets,GlobalExports,RealEstateInvestments,70
HYPO34,MARK,CTY,ConsumerTech,HighRisk,SustainabilityInitiatives,EquityDerivatives,77
HYPO34,MARK,FIC,Infrastructure,EmergingMarkets,AsiaPacific,RealEstateInvestments,48
HYPO34,MARK,FIC,IndustrialGoods,NicheProducts,LatinAmerica,RealEstateInvestments,3
HYPO34,MARK,CTY,IndustrialGoods,HighGrowth,DigitalTransformation,PrivateEquity,38
HYPO34,MARK,FIC,MediaEntertainment,NicheProducts,Africa,RealEstateInvestments,9
HYPO34,MARK,EQD,Telecommunications,HighRisk,GlobalExports,EquityDerivatives,37
HYPO34,MARK,MGT,FinancialServices,NicheProducts,MiddleEast,RealEstateInvestments,39
HYPO34,MARK,CTY,MediaEntertainment,StableEarnings,MiddleEast,CommoditiesTrading,48
HYPO34,MARK,EQD,EnergyUtilities,EmergingMarkets,DigitalTransformation,GreenEnergy,40
HYPO34,MARK,MGT,Telecommunications,LegacyProducts,MiddleEast,AIandRobotics,60
HYPO34,MARK,FIC,ConsumerTech,InnovationDriven,DigitalTransformation,VentureCapital,40
HYPO34,MARK,EQD,MediaEntertainment,LegacyProducts,NorthAmerica,EquityDerivatives,7
HYPO34,MARK,EQD,ConsumerTech,CashCow,AsiaPacific,GreenEnergy,88
HYPO34,MARK,EQD,Automotive,LegacyProducts,NorthAmerica,EquityDerivatives,24
HYPO34,MARK,CTY,HealthcareSolutions,LowRisk,NorthAmerica,GreenEnergy,33
HYPO34,MARK,MGT,Pharmaceuticals,StableEarnings,GlobalExports,EquityDerivatives,43
HYPO34,MARK,MGT,FinancialServices,InnovationDriven,Africa,GreenEnergy,15
HYPO34,MARK,MGT,Telecommunications,StableEarnings,AsiaPacific,EquityDerivatives,58
HYPO34,MARK,CTY,FinancialServices,HighRisk,NorthAmerica,Biotechnology,20
HYPO34,MARK,EQD,EnergyUtilities,HighRisk,Africa,AIandRobotics,16
HYPO34,MARK,MGT,Telecommunications,EmergingMarkets,LatinAmerica,ConsumerRetail,58
HYPO34,MARK,MGT,FinancialServices,InnovationDriven,SustainabilityInitiatives,ConsumerRetail,14
HYPO34,MARK,FIC,ConsumerTech,HighGrowth,SustainabilityInitiatives,GreenEnergy,92
HYPO34,MARK,FIC,EnergyUtilities,CashCow,R&DInvestments,CommoditiesTrading,88
HYPO34,MARK,FIC,Infrastructure,MarketLeader,SustainabilityInitiatives,VentureCapital,55
HYPO34,MARK,EQD,Infrastructure,StableEarnings,GlobalExports,ConsumerRetail,57
HYPO34,MARK,MGT,Pharmaceuticals,HighRisk,Europe,GreenEnergy,94
HYPO34,MARK,MGT,HealthcareSolutions,StableEarnings,AsiaPacific,PrivateEquity,66
HYPO34,MARK,MGT,Telecommunications,LegacyProducts,GlobalExports,AIandRobotics,78
HYPO34,MARK,EQD,IndustrialGoods,StableEarnings,SustainabilityInitiatives,EquityDerivatives,12
HYPO34,MARK,EQD,Infrastructure,HighGrowth,R&DInvestments,AIandRobotics,66
HYPO34,MARK,EQD,EnergyUtilities,LowRisk,R&DInvestments,EquityDerivatives,15
HYPO34,MARK,CTY,Telecommunications,MarketLeader,GlobalExports,VentureCapital,59
HYPO34,MARK,MGT,ConsumerTech,CashCow,NorthAmerica,FixedIncomeSecurities,8
HYPO34,MARK,CTY,HealthcareSolutions,StableEarnings,LatinAmerica,FixedIncomeSecurities,61
HYPO34,MARK,CTY,ConsumerTech,LegacyProducts,AsiaPacific,VentureCapital,10
HYPO34,MARK,CTY,IndustrialGoods,HighRisk,GlobalExports,EquityDerivatives,97
HYPO34,MARK,EQD,FinancialServices,LowRisk,AsiaPacific,PrivateEquity,39
HYPO34,MARK,MGT,EnergyUtilities,EmergingMarkets,DigitalTransformation,FixedIncomeSecurities,48
HYPO34,MARK,CTY,IndustrialGoods,HighRisk,Africa,AIandRobotics,68
HYPO34,MARK,CTY,Telecommunications,StableEarnings,GlobalExports,GreenEnergy,36
HYPO34,MARK,EQD,FinancialServices,NicheProducts,LatinAmerica,FixedIncomeSecurities,40
HYPO34,MARK,CTY,Infrastructure,NicheProducts,MiddleEast,EquityDerivatives,39
HYPO34,MARK,MGT,HealthcareSolutions,MarketLeader,Africa,RealEstateInvestments,96
HYPO34,MARK,FIC,ConsumerTech,LowRisk,LatinAmerica,VentureCapital,61
HYPO34,MARK,MGT,Telecommunications,CashCow,NorthAmerica,EquityDerivatives,37
HYPO34,MARK,CTY,Pharmaceuticals,LowRisk,R&DInvestments,FixedIncomeSecurities,14
HYPO34,MARK,EQD,Pharmaceuticals,MarketLeader,GlobalExports,RealEstateInvestments,1
HYPO34,MARK,EQD,IndustrialGoods,StableEarnings,SustainabilityInitiatives,GreenEnergy,66
HYPO34,MARK,CTY,FinancialServices,HighGrowth,DigitalTransformation,AIandRobotics,2
HYPO34,MARK,FIC,FinancialServices,LowRisk,Africa,CommoditiesTrading,58
HYPO34,MARK,MGT,Infrastructure,HighGrowth,NorthAmerica,CommoditiesTrading,63
HYPO34,MARK,FIC,Infrastructure,CashCow,SustainabilityInitiatives,Biotechnology,49
HYPO34,MARK,FIC,HealthcareSolutions,InnovationDriven,NorthAmerica,RealEstateInvestments,25
HYPO34,MARK,MGT,MediaEntertainment,StableEarnings,NorthAmerica,EquityDerivatives,4
HYPO34,MARK,CTY,EnergyUtilities,LegacyProducts,Europe,VentureCapital,87
HYPO34,MARK,EQD,IndustrialGoods,StableEarnings,R&DInvestments,RealEstateInvestments,36
HYPO34,MARK,EQD,Infrastructure,CashCow,SustainabilityInitiatives,Biotechnology,67
HYPO34,MARK,FIC,Infrastructure,MarketLeader,LatinAmerica,ConsumerRetail,75
HYPO34,MARK,EQD,Infrastructure,HighGrowth,GlobalExports,PrivateEquity,48
HYPO34,MARK,CTY,Infrastructure,CashCow,Europe,ConsumerRetail,42
HYPO34,MARK,CTY,EnergyUtilities,InnovationDriven,LatinAmerica,PrivateEquity,98
HYPO34,MARK,FIC,Automotive,MarketLeader,LatinAmerica,Biotechnology,74
HYPO34,MARK,FIC,IndustrialGoods,EmergingMarkets,GlobalExports,EquityDerivatives,85
HYPO34,MARK,EQD,Telecommunications,LowRisk,Africa,RealEstateInvestments,77
HYPO34,MARK,MGT,FinancialServices,MarketLeader,DigitalTransformation,VentureCapital,77
HYPO34,MARK,MGT,Automotive,CashCow,LatinAmerica,VentureCapital,51
HYPO34,MARK,MGT,EnergyUtilities,HighRisk,MiddleEast,Biotechnology,98
HYPO34,MARK,CTY,Automotive,HighGrowth,R&DInvestments,Biotechnology,53
HYPO34,MARK,MGT,Pharmaceuticals,HighRisk,NorthAmerica,RealEstateInvestments,34
HYPO34,MARK,EQD,ConsumerTech,StableEarnings,SustainabilityInitiatives,CommoditiesTrading,57
HYPO34,MARK,CTY,IndustrialGoods,EmergingMarkets,AsiaPacific,VentureCapital,55
HYPO34,MARK,FIC,Pharmaceuticals,CashCow,Europe,PrivateEquity,48
HYPO34,MARK,FIC,IndustrialGoods,NicheProducts,NorthAmerica,FixedIncomeSecurities,49
HYPO34,MARK,EQD,FinancialServices,StableEarnings,SustainabilityInitiatives,RealEstateInvestments,63
HYPO34,MARK,MGT,Telecommunications,HighRisk,NorthAmerica,AIandRobotics,12
HYPO34,MARK,MGT,IndustrialGoods,LowRisk,Africa,PrivateEquity,44
HYPO34,MARK,EQD,Automotive,LowRisk,SustainabilityInitiatives,EquityDerivatives,21
HYPO34,MARK,FIC,ConsumerTech,HighRisk,LatinAmerica,PrivateEquity,14
HYPO34,MARK,EQD,FinancialServices,StableEarnings,LatinAmerica,VentureCapital,8
HYPO34,MARK,CTY,MediaEntertainment,CashCow,DigitalTransformation,PrivateEquity,3
HYPO34,MARK,MGT,FinancialServices,EmergingMarkets,LatinAmerica,PrivateEquity,53
HYPO34,MARK,CTY,HealthcareSolutions,LowRisk,NorthAmerica,ConsumerRetail,9
HYPO34,MARK,FIC,Pharmaceuticals,LowRisk,R&DInvestments,FixedIncomeSecurities,58
HYPO34,MARK,CTY,MediaEntertainment,InnovationDriven,AsiaPacific,GreenEnergy,5
HYPO34,MARK,CTY,Automotive,CashCow,MiddleEast,VentureCapital,73
HYPO34,MARK,EQD,Telecommunications,HighRisk,Africa,Biotechnology,5
HYPO34,MARK,EQD,HealthcareSolutions,HighRisk,LatinAmerica,GreenEnergy,37
HYPO34,MARK,CTY,IndustrialGoods,CashCow,Africa,GreenEnergy,84
HYPO34,MARK,EQD,FinancialServices,NicheProducts,DigitalTransformation,PrivateEquity,68
HYPO34,MARK,FIC,ConsumerTech,HighGrowth,DigitalTransformation,VentureCapital,86
HYPO34,MARK,EQD,EnergyUtilities,LowRisk,Europe,RealEstateInvestments,87
HYPO34,MARK,EQD,IndustrialGoods,StableEarnings,DigitalTransformation,FixedIncomeSecurities,91
HYPO34,MARK,FIC,HealthcareSolutions,EmergingMarkets,NorthAmerica,CommoditiesTrading,55
HYPO34,MARK,MGT,MediaEntertainment,CashCow,GlobalExports,FixedIncomeSecurities,89
HYPO34,MARK,EQD,Telecommunications,CashCow,SustainabilityInitiatives,RealEstateInvestments,5
HYPO34,MARK,MGT,FinancialServices,EmergingMarkets,R&DInvestments,FixedIncomeSecurities,2
HYPO34,MARK,EQD,FinancialServices,InnovationDriven,MiddleEast,GreenEnergy,1
HYPO34,MARK,CTY,Pharmaceuticals,CashCow,Africa,CommoditiesTrading,27
HYPO34,MARK,MGT,Pharmaceuticals,CashCow,MiddleEast,VentureCapital,38
HYPO34,MARK,FIC,Telecommunications,CashCow,DigitalTransformation,VentureCapital,51
HYPO34,MARK,CTY,MediaEntertainment,MarketLeader,LatinAmerica,Biotechnology,9
HYPO34,MARK,MGT,EnergyUtilities,LegacyProducts,AsiaPacific,Biotechnology,76
HYPO34,MARK,EQD,ConsumerTech,HighGrowth,LatinAmerica,ConsumerRetail,3
HYPO34,MARK,EQD,EnergyUtilities,EmergingMarkets,Europe,CommoditiesTrading,43
HYPO34,MARK,EQD,FinancialServices,NicheProducts,DigitalTransformation,RealEstateInvestments,49
HYPO34,MARK,EQD,Infrastructure,MarketLeader,LatinAmerica,AIandRobotics,45
HYPO34,MARK,FIC,HealthcareSolutions,StableEarnings,SustainabilityInitiatives,VentureCapital,36
HYPO34,MARK,MGT,FinancialServices,HighGrowth,LatinAmerica,PrivateEquity,38
HYPO34,MARK,FIC,Infrastructure,LegacyProducts,LatinAmerica,RealEstateInvestments,31
HYPO34,MARK,MGT,HealthcareSolutions,InnovationDriven,DigitalTransformation,Biotechnology,53
HYPO34,MARK,EQD,Infrastructure,StableEarnings,DigitalTransformation,VentureCapital,1
HYPO34,MARK,MGT,Automotive,HighRisk,MiddleEast,EquityDerivatives,51
HYPO34,MARK,MGT,FinancialServices,EmergingMarkets,SustainabilityInitiatives,ConsumerRetail,52
HYPO34,MARK,FIC,HealthcareSolutions,LowRisk,AsiaPacific,RealEstateInvestments,81
HYPO34,MARK,FIC,EnergyUtilities,LowRisk,GlobalExports,ConsumerRetail,81
HYPO34,MARK,CTY,IndustrialGoods,EmergingMarkets,R&DInvestments,PrivateEquity,87
HYPO34,MARK,EQD,MediaEntertainment,MarketLeader,GlobalExports,RealEstateInvestments,71
HYPO34,MARK,MGT,HealthcareSolutions,LegacyProducts,MiddleEast,PrivateEquity,48
HYPO34,MARK,FIC,Infrastructure,MarketLeader,AsiaPacific,CommoditiesTrading,86
HYPO34,MARK,FIC,IndustrialGoods,LowRisk,R&DInvestments,VentureCapital,59
HYPO34,MARK,EQD,EnergyUtilities,InnovationDriven,R&DInvestments,AIandRobotics,11
HYPO34,MARK,CTY,IndustrialGoods,EmergingMarkets,DigitalTransformation,RealEstateInvestments,26
HYPO34,MARK,FIC,MediaEntertainment,LowRisk,DigitalTransformation,ConsumerRetail,67
HYPO34,MARK,FIC,EnergyUtilities,StableEarnings,DigitalTransformation,EquityDerivatives,83
HYPO34,MARK,MGT,HealthcareSolutions,StableEarnings,Europe,VentureCapital,53
HYPO34,MARK,EQD,MediaEntertainment,HighGrowth,MiddleEast,PrivateEquity,2
HYPO34,MARK,FIC,IndustrialGoods,LowRisk,NorthAmerica,RealEstateInvestments,65
HYPO34,MARK,EQD,MediaEntertainment,NicheProducts,R&DInvestments,VentureCapital,21
HYPO34,MARK,MGT,Infrastructure,HighGrowth,R&DInvestments,CommoditiesTrading,1
HYPO34,MARK,MGT,IndustrialGoods,HighRisk,MiddleEast,ConsumerRetail,88
HYPO34,MARK,EQD,HealthcareSolutions,HighRisk,AsiaPacific,AIandRobotics,14
HYPO34,MARK,FIC,Pharmaceuticals,EmergingMarkets,Europe,ConsumerRetail,71
HYPO34,MARK,MGT,MediaEntertainment,InnovationDriven,DigitalTransformation,PrivateEquity,87
HYPO34,MARK,EQD,Pharmaceuticals,StableEarnings,AsiaPacific,AIandRobotics,66
HYPO34,MARK,MGT,ConsumerTech,InnovationDriven,GlobalExports,ConsumerRetail,43
HYPO34,MARK,FIC,IndustrialGoods,StableEarnings,LatinAmerica,PrivateEquity,25
HYPO34,MARK,EQD,Automotive,EmergingMarkets,MiddleEast,Biotechnology,11
HYPO34,MARK,EQD,Infrastructure,LegacyProducts,Europe,RealEstateInvestments,52
HYPO34,MARK,CTY,Infrastructure,HighRisk,MiddleEast,CommoditiesTrading,44
HYPO34,MARK,MGT,Automotive,HighRisk,LatinAmerica,VentureCapital,36
HYPO34,MARK,MGT,EnergyUtilities,MarketLeader,SustainabilityInitiatives,VentureCapital,70
HYPO34,MARK,CTY,FinancialServices,StableEarnings,NorthAmerica,RealEstateInvestments,11
HYPO34,MARK,EQD,IndustrialGoods,LowRisk,Europe,Biotechnology,79
HYPO34,MARK,FIC,Telecommunications,CashCow,LatinAmerica,AIandRobotics,13
HYPO34,MARK,FIC,Infrastructure,LegacyProducts,R&DInvestments,VentureCapital,7
HYPO34,MARK,CTY,Telecommunications,LowRisk,GlobalExports,EquityDerivatives,37
HYPO34,MARK,FIC,Infrastructure,LegacyProducts,R&DInvestments,PrivateEquity,75
